Município,Casos de HIV
110040 Alto Paraíso,1
110034 Alvorada D'Oeste,1
110002 Ariquemes,24
110045 Buritis,1
110060 Cacaulândia,1
110004 Cacoal,7
110080 Candeias do Jamari,9
110005 Cerejeiras,3
110007 Corumbiara,2
110008 Costa Marques,1
110009 Espigão D'Oeste,2
110010 Guajará-Mirim,15
110011 Jaru,7
110012 Ji-Paraná,18
110013 Machadinho D'Oeste,1
110033 Nova Mamoré,5
110143 Nova União,1
110015 Ouro Preto do Oeste,5
110018 Pimenta Bueno,2
110020 Porto Velho,197
110025 Presidente Médici,4
110026 Rio Crespo,1
110028 Rolim de Moura,3
110149 São Francisco do Guaporé,1
110032 São Miguel do Guaporé,1
110160 Theobroma,1
110170 Urupá,1
110175 Vale do Anari,1
110030 Vilhena,8
120005 Assis Brasil,1
120010 Brasiléia,3
120013 Bujari,1
120017 Capixaba,4
120020 Cruzeiro do Sul,4
120025 Epitaciolândia,2
120038 Plácido de Castro,3
120080 Porto Acre,1
120040 Rio Branco,41
120043 Santa Rosa do Purus,1
120050 Sena Madureira,5
120045 Senador Guiomard,3
120060 Tarauacá,1
120070 Xapuri,1
130014 Apuí,6
130030 Autazes,2
130040 Barcelos,2
130050 Barreirinha,7
130068 Boa Vista do Ramos,2
130080 Borba,5
130083 Caapiranga,1
130110 Careiro,5
130115 Careiro da Várzea,2
130120 Coari,8
130130 Codajás,2
130160 Fonte Boa,1
130170 Humaitá,7
130180 Ipixuna,1
130185 Iranduba,13
130190 Itacoatiara,10
130230 Jutaí,1
130240 Lábrea,2
130250 Manacapuru,5
130255 Manaquiri,1
130260 Manaus,1065
130270 Manicoré,2
130280 Maraã,1
130290 Maués,5
130310 Nova Olinda do Norte,8
130320 Novo Airão,2
130330 Novo Aripuanã,2
130340 Parintins,9
130353 Presidente Figueiredo,7
130356 Rio Preto da Eva,2
130380 São Gabriel da Cachoeira,1
130390 São Paulo de Olivença,3
130406 Tabatinga,3
130410 Tapauá,2
130420 Tefé,3
130426 Uarini,2
130430 Urucará,1
130000 Município ignorado - AM,1
140005 Alto Alegre,1
140010 Boa Vista,153
140015 Bonfim,1
140017 Cantá,1
140020 Caracaraí,4
140028 Iracema,1
140030 Mucajaí,4
140045 Pacaraima,2
140047 Rorainópolis,3
140060 São Luiz,2
150010 Abaetetuba,34
150020 Acará,3
150030 Afuá,2
150040 Alenquer,9
150050 Almeirim,1
150060 Altamira,18
150070 Anajás,1
150080 Ananindeua,179
150085 Anapu,6
150090 Augusto Corrêa,9
150095 Aurora do Pará,1
150100 Aveiro,1
150120 Baião,4
150130 Barcarena,19
150140 Belém,801
150145 Belterra,3
150150 Benevides,25
150157 Bom Jesus do Tocantins,2
150160 Bonito,2
150170 Bragança,34
150172 Brasil Novo,3
150178 Breu Branco,9
150180 Breves,6
150190 Bujaru,11
150200 Cachoeira do Arari,4
150195 Cachoeira do Piriá,4
150210 Cametá,4
150215 Canaã dos Carajás,14
150220 Capanema,12
150230 Capitão Poço,4
150240 Castanhal,54
150250 Chaves,2
150260 Colares,2
150270 Conceição do Araguaia,4
150276 Cumaru do Norte,1
150277 Curionópolis,3
150280 Curralinho,5
150290 Curuçá,7
150293 Dom Eliseu,11
150295 Eldorado dos Carajás,8
150304 Floresta do Araguaia,2
150307 Garrafão do Norte,2
150309 Goianésia do Pará,3
150320 Igarapé-Açu,7
150330 Igarapé-Miri,10
150345 Ipixuna do Pará,4
150350 Irituia,2
150360 Itaituba,39
150370 Itupiranga,9
150375 Jacareacanga,3
150380 Jacundá,11
150390 Juruti,9
150400 Limoeiro do Ajuru,1
150405 Mãe do Rio,8
150410 Magalhães Barata,1
150420 Marabá,69
150430 Maracanã,7
150440 Marapanim,7
150442 Marituba,43
150445 Medicilândia,7
150450 Melgaço,1
150460 Mocajuba,4
150470 Moju,13
150480 Monte Alegre,1
150490 Muaná,7
150497 Nova Ipixuna,4
150500 Nova Timboteua,1
150503 Novo Progresso,11
150506 Novo Repartimento,18
150510 Óbidos,15
150520 Oeiras do Pará,1
150530 Oriximiná,10
150540 Ourém,4
150543 Ourilândia do Norte,3
150548 Pacajá,5
150549 Palestina do Pará,1
150550 Paragominas,22
150553 Parauapebas,95
150570 Ponta de Pedras,14
150580 Portel,1
150600 Prainha,2
150610 Primavera,3
150611 Quatipuru,1
150613 Redenção,19
150618 Rondon do Pará,5
150619 Rurópolis,2
150620 Salinópolis,17
150630 Salvaterra,12
150635 Santa Bárbara do Pará,4
150640 Santa Cruz do Arari,1
150650 Santa Isabel do Pará,20
150655 Santa Luzia do Pará,2
150658 Santa Maria das Barreiras,1
150660 Santa Maria do Pará,8
150670 Santana do Araguaia,2
150680 Santarém,117
150700 Santo Antônio do Tauá,5
150710 São Caetano de Odivelas,6
150715 São Domingos do Araguaia,5
150720 São Domingos do Capim,4
150730 São Félix do Xingu,7
150740 São Francisco do Pará,6
150745 São Geraldo do Araguaia,7
150746 São João da Ponta,4
150747 São João de Pirabas,4
150750 São João do Araguaia,1
150760 São Miguel do Guamá,16
150770 São Sebastião da Boa Vista,1
150775 Sapucaia,4
150780 Senador José Porfírio,2
150790 Soure,12
150795 Tailândia,23
150796 Terra Alta,1
150797 Terra Santa,4
150800 Tomé-Açu,15
150803 Tracuateua,4
150808 Tucumã,3
150810 Tucuruí,31
150812 Ulianópolis,8
150815 Uruará,3
150820 Vigia,23
150830 Viseu,2
150835 Vitória do Xingu,1
150840 Xinguara,10
160010 Amapá,1
160020 Calçoene,2
160021 Cutias,2
160023 Ferreira Gomes,4
160027 Laranjal do Jari,10
160030 Macapá,167
160040 Mazagão,1
160050 Oiapoque,6
160053 Porto Grande,5
160060 Santana,18
160080 Vitória do Jari,3
170030 Aguiarnópolis,1
170070 Alvorada,1
170130 Aragominas,2
170210 Araguaína,44
170220 Araguatins,2
170230 Arapoema,3
170255 Augustinópolis,4
170290 Axixá do Tocantins,2
170320 Bernardo Sayão,1
170370 Brejinho de Nazaré,2
170510 Chapada da Natividade,1
170550 Colinas do Tocantins,6
171670 Colméia,2
170600 Couto de Magalhães,3
170700 Dianópolis,2
170710 Divinópolis do Tocantins,3
170730 Dueré,1
170765 Figueirópolis,1
170770 Filadélfia,1
170820 Formoso do Araguaia,1
170825 Fortaleza do Tabocão,2
170900 Goiatins,1
170930 Guaraí,4
170950 Gurupi,13
171190 Lagoa da Confusão,3
171200 Lajeado,1
171245 Luzinópolis,1
171250 Marianópolis do Tocantins,1
171320 Miracema do Tocantins,1
171330 Miranorte,1
171360 Monte do Carmo,1
171488 Nova Olinda,3
171510 Novo Acordo,1
172100 Palmas,47
171610 Paraíso do Tocantins,11
171650 Pedro Afonso,1
171660 Peixe,2
171665 Pequizeiro,1
171820 Porto Nacional,1
171845 Pugmil,2
171855 Riachinho,1
171880 Sampaio,1
172030 São Sebastião do Tocantins,1
172065 Silvanópolis,1
172080 Sítio Novo do Tocantins,1
172120 Tocantinópolis,1
172208 Wanderlândia,2
172210 Xambioá,4
210005 Açailândia,21
210020 Alcântara,2
210030 Aldeias Altas,1
210043 Alto Alegre do Maranhão,14
210055 Amapá do Maranhão,2
210060 Amarante do Maranhão,2
210083 Apicum-Açu,4
210100 Arari,1
210120 Bacabal,42
210125 Bacabeira,2
210130 Bacuri,7
210140 Balsas,7
210160 Barra do Corda,12
210170 Barreirinhas,13
210177 Bela Vista do Maranhão,3
210190 Bequimão,8
210200 Bom Jardim,4
210203 Bom Jesus das Selvas,1
210207 Bom Lugar,4
210210 Brejo,1
210220 Buriti,1
210230 Buriti Bravo,1
210232 Buriticupu,7
210235 Buritirana,1
210250 Cajari,1
210255 Campestre do Maranhão,3
210260 Cândido Mendes,6
210270 Cantanhede,3
210275 Capinzal do Norte,2
210280 Carolina,2
210290 Carutapera,4
210300 Caxias,39
210310 Cedral,2
210315 Centro do Guilherme,2
210320 Chapadinha,7
210325 Cidelândia,1
210330 Codó,56
210340 Coelho Neto,11
210350 Colinas,10
210360 Coroatá,12
210370 Cururupu,8
210380 Dom Pedro,2
210390 Duque Bacelar,3
210400 Esperantinópolis,1
210405 Estreito,11
210409 Formosa da Serra Negra,2
210410 Fortaleza dos Nogueiras,1
210420 Fortuna,4
210440 Gonçalves Dias,2
210450 Governador Archer,1
210455 Governador Edison Lobão,1
210460 Governador Eugênio Barros,3
210465 Governador Newton Bello,1
210467 Governador Nunes Freire,9
210480 Grajaú,6
210490 Guimarães,3
210500 Humberto de Campos,4
210510 Icatu,2
210515 Igarapé do Meio,2
210520 Igarapé Grande,5
210530 Imperatriz,52
210535 Itaipava do Grajaú,4
210540 Itapecuru Mirim,10
210542 Itinga do Maranhão,9
210545 Jatobá,5
210550 João Lisboa,2
210560 Joselândia,1
210570 Lago da Pedra,8
210580 Lago do Junco,2
210594 Lago dos Rodrigues,2
210590 Lago Verde,3
210598 Lajeado Novo,2
210600 Lima Campos,2
210632 Maracaçumé,2
210650 Matinha,3
210660 Matões,4
210663 Matões do Norte,2
210670 Mirador,3
210675 Miranda do Norte,4
210680 Mirinzal,4
210690 Monção,1
210735 Nova Olinda do Maranhão,2
210740 Olho d'Água das Cunhãs,3
210745 Olinda Nova do Maranhão,1
210750 Paço do Lumiar,44
210760 Palmeirândia,3
210770 Paraibano,3
210790 Passagem Franca,2
210800 Pastos Bons,1
210805 Paulino Neves,2
210820 Pedreiras,16
210825 Pedro do Rosário,2
210830 Penalva,4
210840 Peri Mirim,2
210860 Pinheiro,26
210870 Pio XII,12
210880 Pirapemas,9
210900 Porto Franco,1
210905 Porto Rico do Maranhão,5
210910 Presidente Dutra,13
210923 Presidente Médici,1
210927 Presidente Sarney,3
210930 Presidente Vargas,1
210940 Primeira Cruz,1
210945 Raposa,7
210950 Riachão,2
210955 Ribamar Fiquene,1
210960 Rosário,10
210980 Santa Helena,7
210990 Santa Inês,15
211000 Santa Luzia,13
211003 Santa Luzia do Paruá,1
211010 Santa Quitéria do Maranhão,2
211020 Santa Rita,4
211027 Santo Amaro do Maranhão,3
211030 Santo Antônio dos Lopes,3
211060 São Bernardo,2
211070 São Domingos do Maranhão,6
211090 São Francisco do Maranhão,1
211100 São João Batista,2
211105 São João do Paraíso,1
211107 São João do Soter,2
211120 São José de Ribamar,66
211125 São José dos Basílios,1
211130 São Luís,444
211140 São Luís Gonzaga do Maranhão,5
211150 São Mateus do Maranhão,19
211153 São Pedro da Água Branca,2
211163 São Raimundo do Doca Bezerra,1
211170 São Vicente Ferrer,2
211172 Satubinha,1
211178 Serrano do Maranhão,4
211180 Sítio Novo,1
211210 Timbiras,6
211220 Timon,26
211223 Trizidela do Vale,12
211230 Tuntum,2
211240 Turiaçu,3
211245 Turilândia,1
211250 Tutóia,6
211260 Urbano Santos,5
211270 Vargem Grande,6
211280 Viana,10
211285 Vila Nova dos Martírios,2
211290 Vitória do Mearim,2
211300 Vitorino Freire,2
211400 Zé Doca,3
220020 Água Branca,2
220030 Alto Longá,2
220040 Altos,9
220050 Amarante,1
220100 Arraial,1
220120 Barras,3
220140 Barro Duro,1
220160 Beneditinos,1
220180 Bocaina,2
220196 Brasileira,2
220200 Buriti dos Lopes,4
220205 Cabeceiras do Piauí,2
220208 Cajueiro da Praia,1
220220 Campo Maior,6
220250 Caracol,1
220260 Castelo do Piauí,3
220273 Coivaras,1
220277 Colônia do Piauí,1
220320 Curimatá,1
220350 Elesbão Veloso,4
220370 Esperantina,6
220375 Fartura do Piauí,1
220390 Floriano,8
220420 Francisco Santos,1
220430 Fronteiras,1
220435 Geminiano,1
220450 Guadalupe,4
220465 Ilha Grande,3
220470 Inhuma,1
220520 Jaicós,1
220525 Jardim do Mulato,1
220527 Jatobá do Piauí,1
220545 Joca Marques,1
220550 José de Freitas,6
220551 Juazeiro do Piauí,1
220570 Luís Correia,4
220580 Luzilândia,4
220585 Madeiro,1
220595 Marcolândia,2
220620 Miguel Alves,4
220630 Miguel Leão,1
220640 Monsenhor Gil,1
220670 Nazaré do Piauí,1
220700 Oeiras,10
220770 Parnaíba,34
220780 Paulistana,1
220790 Pedro II,3
220800 Picos,8
220820 Pio IX,1
220830 Piracuruca,2
220840 Piripiri,15
220855 Porto Alegre do Piauí,1
220880 Regeneração,4
220910 Santa Cruz do Piauí,1
220955 São Braz do Piauí,1
220985 São João da Canabrava,1
220990 São João da Serra,1
220997 São João do Arraial,1
221000 São João do Piauí,1
221010 São José do Peixe,1
221037 São Luis do Piauí,1
221038 São Miguel da Baixa Grande,2
221040 São Miguel do Tapuio,2
221050 São Pedro do Piauí,1
221060 São Raimundo Nonato,3
221063 Sebastião Leal,1
221080 Simplício Mendes,2
221090 Socorro do Piauí,1
221100 Teresina,211
221110 União,5
221120 Uruçuí,1
221130 Valença do Piauí,1
221150 Vera Mendes,1
230015 Acarape,1
230020 Acaraú,3
230030 Acopiara,3
230040 Aiuaba,1
230050 Alcântaras,4
230060 Altaneira,1
230090 Apuiarés,1
230100 Aquiraz,10
230110 Aracati,10
230120 Aracoiaba,1
230130 Araripe,3
230140 Aratuba,1
230150 Arneiroz,2
230160 Assaré,3
230170 Aurora,1
230190 Barbalha,7
230195 Barreira,3
230205 Barroquinha,4
230210 Baturité,3
230220 Beberibe,5
230230 Bela Cruz,3
230240 Boa Viagem,4
230250 Brejo Santo,3
230260 Camocim,4
230270 Campos Sales,1
230280 Canindé,12
230290 Capistrano,2
230300 Caridade,1
230320 Caririaçu,4
230350 Cascavel,3
230365 Catunda,1
230370 Caucaia,54
230380 Cedro,1
230395 Chorozinho,3
230410 Crateús,9
230420 Crato,18
230423 Croatá,1
230425 Cruz,1
230428 Eusébio,6
230435 Forquilha,1
230440 Fortaleza,709
230445 Fortim,3
230450 Frecheirinha,1
230465 Graça,2
230470 Granja,2
230490 Groaíras,1
230495 Guaiúba,1
230500 Guaraciaba do Norte,1
230523 Horizonte,12
230530 Ibiapina,2
230535 Icapuí,1
230540 Icó,1
230550 Iguatu,16
230570 Ipaumirim,1
230580 Ipu,1
230590 Ipueiras,6
230610 Irauçuba,2
230620 Itaiçaba,1
230625 Itaitinga,10
230630 Itapagé,1
230640 Itapipoca,17
230650 Itapiúna,3
230655 Itarema,2
230660 Itatira,2
230690 Jaguaribe,1
230700 Jaguaruana,1
230710 Jardim,1
230730 Juazeiro do Norte,31
230740 Jucás,4
230750 Lavras da Mangabeira,1
230760 Limoeiro do Norte,5
230763 Madalena,1
230765 Maracanaú,65
230770 Maranguape,6
230780 Marco,2
230800 Massapê,1
230830 Milagres,3
230835 Milhã,1
230840 Missão Velha,7
230850 Mombaça,4
230860 Monsenhor Tabosa,1
230870 Morada Nova,3
230880 Moraújo,1
230890 Morrinhos,1
230900 Mucambo,2
230930 Nova Russas,1
230940 Novo Oriente,2
230960 Pacajus,12
230970 Pacatuba,10
230980 Pacoti,2
231000 Palhano,2
231020 Paracuru,4
231030 Parambu,2
231040 Paramoti,1
231050 Pedra Branca,3
231070 Pentecoste,4
231085 Pindoretama,2
231095 Pires Ferreira,1
231126 Quiterianópolis,1
231130 Quixadá,5
231140 Quixeramobim,5
231150 Quixeré,3
231160 Redenção,3
231170 Reriutaba,2
231180 Russas,6
231195 Salitre,1
231230 São Benedito,6
231240 São Gonçalo do Amarante,11
231260 São Luís do Curu,2
231290 Sobral,31
231300 Solonópole,2
231310 Tabuleiro do Norte,1
231320 Tamboril,2
231330 Tauá,5
231340 Tianguá,5
231350 Trairi,1
231355 Tururu,3
231375 Umirim,1
231380 Uruburetama,3
231390 Uruoca,3
231400 Várzea Alegre,2
231410 Viçosa do Ceará,2
240010 Acari,1
240020 Açu,10
240050 Alexandria,2
240080 Angicos,2
240110 Areia Branca,2
240130 Augusto Severo,1
240145 Baraúna,6
240170 Bom Jesus,2
240200 Caicó,3
240220 Canguaretama,16
240230 Caraúbas,1
240250 Carnaubais,2
240260 Ceará-Mirim,8
240310 Currais Novos,5
240360 Extremoz,4
240400 Frutuoso Gomes,1
240420 Goianinha,1
240430 Governador Dix-Sept Rosado,4
240440 Grossos,4
240450 Guamaré,4
240485 Itajá,3
240510 Jandaíra,4
240540 Japi,1
240560 Jardim de Piranhas,1
240580 João Câmara,4
240630 Lagoa de Pedras,1
240660 Lagoa Salgada,1
240670 Lajes,1
240680 Lajes Pintadas,1
240690 Lucrécia,1
240700 Luís Gomes,2
240710 Macaíba,11
240720 Macau,3
240725 Major Sales,1
240730 Marcelino Vieira,1
240770 Montanhas,2
240780 Monte Alegre,4
240800 Mossoró,58
240810 Natal,221
240820 Nísia Floresta,2
240830 Nova Cruz,7
240840 Olho-d'Água do Borges,1
240860 Paraná,1
240890 Parelhas,1
240325 Parnamirim,28
240910 Passa e Fica,1
240930 Patu,1
240940 Pau dos Ferros,3
240980 Pedro Velho,1
240990 Pendências,3
241020 Portalegre,1
241030 Presidente Juscelino,3
241090 Riachuelo,1
240895 Rio do Fogo,1
241120 Santa Cruz,4
241160 São Bento do Norte,1
241190 São Francisco do Oeste,1
241200 São Gonçalo do Amarante,22
241220 São José de Mipibu,2
241250 São Miguel,1
241270 São Pedro,1
241280 São Rafael,1
241290 São Tomé,2
241335 Serra do Mel,1
241340 Serra Negra do Norte,1
241390 Taipu,1
241400 Tangará,2
241105 Tibau,1
241440 Touros,4
241480 Vera Cruz,1
250020 Aguiar,3
250030 Alagoa Grande,4
250053 Alcantil,1
250057 Algodão de Jandaíra,1
250060 Alhandra,2
250110 Areia,1
250120 Areial,3
250140 Baía da Traição,1
250153 Baraúna,1
250160 Barra de Santa Rosa,3
250180 Bayeux,22
250190 Belém,1
250200 Belém do Brejo do Cruz,1
250300 Caaporã,2
250320 Cabedelo,15
250340 Cacimba de Areia,1
250370 Cajazeiras,2
250400 Campina Grande,50
251640 Campo de Santana,2
250430 Catolé do Rocha,2
250435 Caturité,1
250440 Conceição,1
250460 Conde,4
250490 Cruz do Espírito Santo,3
250520 Cuitegi,2
250600 Esperança,2
250610 Fagundes,1
250630 Guarabira,9
250640 Gurinhém,1
250690 Itabaiana,2
250700 Itaporanga,1
250710 Itapororoca,2
250720 Itatuba,1
250730 Jacaraú,1
250750 João Pessoa,158
250760 Juarez Távora,3
250770 Juazeirinho,3
250790 Juripiranga,3
250830 Lagoa Seca,2
250850 Livramento,1
250860 Lucena,4
250890 Mamanguape,6
250905 Marcação,1
250910 Mari,5
251000 Nazarezinho,1
251040 Olho d'Água,3
251080 Patos,18
251110 Pedra Lavrada,2
251120 Pedras de Fogo,7
251130 Piancó,2
251140 Picuí,1
251150 Pilar,1
251190 Pitimbu,2
251200 Pocinhos,1
251210 Pombal,2
251250 Queimadas,3
251270 Remígio,2
251278 Riacho de Santo Antônio,1
251290 Rio Tinto,6
251315 Santa Cecília,2
251340 Santa Luzia,1
251370 Santa Rita,24
251360 Santana dos Garrotes,2
251394 São Domingos do Cariri,1
251500 São Miguel de Taipu,1
251530 Sapé,3
251540 Seridó,1
251550 Serra Branca,1
251580 Serra Redonda,2
251597 Sobrado,1
251600 Solânea,1
251610 Soledade,2
251620 Sousa,3
251630 Sumé,2
251680 Triunfo,2
251690 Uiraúna,1
260005 Abreu e Lima,33
260010 Afogados da Ingazeira,1
260030 Agrestina,5
260040 Água Preta,4
260050 Águas Belas,4
260070 Aliança,7
260080 Altinho,1
260090 Amaraji,5
260100 Angelim,3
260105 Araçoiaba,1
260110 Araripina,3
260120 Arcoverde,3
260140 Barreiros,6
260150 Belém de Maria,2
260160 Belém de São Francisco,4
260170 Belo Jardim,4
260190 Bezerros,7
260210 Bom Conselho,1
260220 Bom Jardim,3
260230 Bonito,5
260240 Brejão,3
260250 Brejinho,1
260260 Brejo da Madre de Deus,2
260270 Buenos Aires,2
260280 Buíque,2
260290 Cabo de Santo Agostinho,53
260310 Cachoeirinha,1
260320 Caetés,1
260345 Camaragibe,47
260350 Camocim de São Félix,2
260370 Canhotinho,4
260390 Carnaíba,1
260392 Carnaubeira da Penha,1
260400 Carpina,15
260410 Caruaru,78
260415 Casinhas,1
260420 Catende,2
260440 Chã de Alegria,1
260450 Chã Grande,6
260460 Condado,4
260480 Cortês,3
260490 Cumaru,3
260500 Cupira,1
260520 Escada,15
260540 Feira Nova,2
260545 Fernando de Noronha,1
260550 Ferreiros,3
260560 Flores,1
260590 Gameleira,3
260600 Garanhuns,20
260610 Glória do Goitá,1
260620 Goiana,12
260640 Gravatá,17
260650 Iati,2
260660 Ibimirim,1
260680 Igarassu,27
260760 Ilha de Itamaracá,8
260720 Ipojuca,32
260750 Itaíba,3
260765 Itambé,4
260770 Itapetim,2
260775 Itapissuma,8
260780 Itaquitinga,1
260790 Jaboatão dos Guararapes,248
260795 Jaqueira,1
260800 Jataúba,1
260810 João Alfredo,1
260825 Jucati,1
260830 Jupi,1
260840 Jurema,1
260845 Lagoa do Carro,1
260850 Lagoa do Itaenga,1
260860 Lagoa do Ouro,1
260870 Lagoa dos Gatos,2
260880 Lajedo,2
260890 Limoeiro,9
260900 Macaparana,1
260920 Maraial,1
260930 Mirandiba,2
261430 Moreilândia,1
260940 Moreno,8
260950 Nazaré da Mata,5
260960 Olinda,129
260990 Ouricuri,1
261000 Palmares,16
261020 Panelas,1
261030 Paranatama,1
261050 Passira,1
261060 Paudalho,3
261070 Paulista,88
261080 Pedra,3
261090 Pesqueira,6
261110 Petrolina,63
261130 Pombos,1
261140 Primavera,3
261160 Recife,597
261170 Riacho das Almas,1
261180 Ribeirão,8
261190 Rio Formoso,7
261200 Sairé,1
261220 Salgueiro,2
261230 Saloá,1
261240 Sanharó,1
261250 Santa Cruz do Capibaribe,7
261260 Santa Maria da Boa Vista,1
261270 Santa Maria do Cambucá,2
261300 São Bento do Una,5
261310 São Caitano,5
261320 São João,1
261330 São Joaquim do Monte,4
261340 São José da Coroa Grande,6
261350 São José do Belmonte,1
261370 São Lourenço da Mata,19
261380 São Vicente Ferrer,1
261390 Serra Talhada,7
261400 Serrita,1
261410 Sertânia,4
261420 Sirinhaém,8
261450 Surubim,4
261460 Tabira,1
261470 Tacaimbó,1
261485 Tamandaré,1
261500 Taquaritinga do Norte,4
261530 Timbaúba,4
261540 Toritama,3
261560 Trindade,7
261570 Triunfo,2
261590 Tuparetama,1
261600 Venturosa,2
261620 Vertentes,2
261630 Vicência,2
261640 Vitória de Santo Antão,31
261650 Xexéu,4
260000 Município ignorado - PE,1
270010 Água Branca,1
270020 Anadia,1
270030 Arapiraca,34
270040 Atalaia,4
270050 Barra de Santo Antônio,2
270060 Barra de São Miguel,2
270120 Cacimbinhas,1
270130 Cajueiro,1
270140 Campo Alegre,5
270160 Canapi,1
270170 Capela,2
270180 Carneiros,1
270190 Chã Preta,1
270200 Coité do Nóia,6
270220 Coqueiro Seco,2
270230 Coruripe,4
270235 Craíbas,1
270240 Delmiro Gouveia,4
270280 Flexeiras,2
270290 Girau do Ponciano,2
270310 Igaci,1
270330 Inhapi,1
270350 Jacuípe,3
270375 Jequiá da Praia,3
270380 Joaquim Gomes,2
270390 Jundiá,1
270400 Junqueiro,2
270430 Maceió,264
270440 Major Isidoro,2
270450 Maragogi,6
270470 Marechal Deodoro,7
270510 Matriz de Camaragibe,8
270520 Messias,3
270550 Murici,8
270560 Novo Lino,4
270580 Olho d'Água do Casado,1
270610 Ouro Branco,2
270630 Palmeira dos Índios,6
270640 Pão de Açúcar,2
270644 Paripueira,5
270650 Passo de Camaragibe,1
270670 Penedo,2
270690 Pilar,10
270710 Piranhas,6
270730 Porto Calvo,6
270750 Porto Real do Colégio,1
270770 Rio Largo,9
270790 Santa Luzia do Norte,2
270800 Santana do Ipanema,4
270830 São José da Laje,4
270850 São Luís do Quitunde,8
270860 São Miguel dos Campos,9
270870 São Miguel dos Milagres,1
270880 São Sebastião,5
270890 Satuba,5
270910 Taquarana,1
270915 Teotônio Vilela,4
270930 União dos Palmares,10
270940 Viçosa,1
280030 Aracaju,170
280050 Areia Branca,2
280060 Barra dos Coqueiros,8
280067 Boquim,2
280070 Brejo Grande,1
280100 Campo do Brito,3
280120 Canindé de São Francisco,3
280130 Capela,2
280140 Carira,1
280150 Carmópolis,1
280160 Cedro de São João,2
280200 Divina Pastora,1
280210 Estância,12
280250 General Maynard,2
280260 Gracho Cardoso,1
280270 Ilha das Flores,1
280280 Indiaroba,1
280290 Itabaiana,12
280300 Itabaianinha,3
280320 Itaporanga d'Ajuda,6
280330 Japaratuba,1
280350 Lagarto,3
280360 Laranjeiras,5
280370 Macambira,1
280380 Malhada dos Bois,1
280400 Maruim,2
280410 Moita Bonita,1
280420 Monte Alegre de Sergipe,1
280430 Muribeca,1
280440 Neópolis,2
280450 Nossa Senhora da Glória,4
280460 Nossa Senhora das Dores,1
280480 Nossa Senhora do Socorro,44
280490 Pacatuba,1
280520 Pinhão,1
280530 Pirambu,2
280540 Poço Redondo,3
280550 Poço Verde,1
280570 Propriá,8
280580 Riachão do Dantas,1
280590 Riachuelo,1
280620 Salgado,3
280670 São Cristóvão,28
280690 São Francisco,4
280710 Simão Dias,5
280730 Telha,2
280740 Tobias Barreto,5
280750 Tomar do Geru,1
280760 Umbaúba,5
290010 Abaíra,1
290035 Adustina,1
290070 Alagoinhas,14
290090 Almadina,1
290100 Amargosa,4
290110 Amélia Rodrigues,3
290115 América Dourada,2
290140 Angical,1
290180 Antônio Gonçalves,2
290195 Apuarema,1
290205 Araças,1
290210 Araci,4
290220 Aramari,1
290225 Arataca,2
290230 Aratuípe,1
290240 Aurelino Leal,2
290260 Baixa Grande,1
290290 Barra do Choça,1
290300 Barra do Mendes,1
290320 Barreiras,28
290330 Barro Preto,1
290327 Barrocas,2
290340 Belmonte,9
290380 Boa Vista do Tupim,1
290390 Bom Jesus da Lapa,4
290405 Bonito,2
290460 Brumado,5
290470 Buerarema,3
290480 Caatiba,1
290485 Cabaceiras do Paraguaçu,2
290490 Cachoeira,3
290520 Caetité,2
290540 Cairu,1
290550 Caldeirão Grande,1
290560 Camacan,5
290570 Camaçari,51
290600 Campo Formoso,1
290630 Canavieiras,5
290650 Candeias,11
290670 Cândido Sales,1
290680 Cansanção,1
290687 Capim Grosso,2
290720 Casa Nova,2
290730 Castro Alves,3
290750 Catu,3
290780 Cícero Dantas,1
290790 Cipó,1
290800 Coaraci,1
290820 Conceição da Feira,2
290830 Conceição do Almeida,1
290840 Conceição do Coité,1
290850 Conceição do Jacuípe,3
290890 Coração de Maria,2
290980 Cruz das Almas,6
290990 Curaçá,2
291005 Dias d'Ávila,16
291020 Dom Macedo Costa,1
291050 Entre Rios,6
291060 Esplanada,3
291070 Euclides da Cunha,2
291072 Eunápolis,23
291080 Feira de Santana,104
291110 Formosa do Rio Preto,4
291120 Gandu,3
291150 Gongogi,1
291160 Governador Mangabeira,3
291170 Guanambi,8
291180 Guaratinga,1
291190 Iaçu,1
291210 Ibicaraí,1
291220 Ibicoara,1
291230 Ibicuí,2
291250 Ibipitanga,1
291270 Ibirapitanga,2
291280 Ibirapuã,1
291290 Ibirataia,6
291310 Ibititá,1
291320 Ibotirama,5
291345 Igrapiúna,1
291360 Ilhéus,32
291370 Inhambupe,4
291380 Ipecaetá,1
291390 Ipiaú,6
291420 Irajuba,1
291440 Iraquara,1
291450 Irará,3
291460 Irecê,5
291465 Itabela,7
291470 Itaberaba,3
291480 Itabuna,41
291510 Itagi,1
291550 Itajuípe,2
291560 Itamaraju,13
291580 Itambé,3
291590 Itanagra,3
291600 Itanhém,4
291610 Itaparica,3
291620 Itapé,1
291630 Itapebi,3
291640 Itapetinga,6
291650 Itapicuru,1
291660 Itapitanga,1
291670 Itaquara,2
291690 Itiruçu,1
291700 Itiúba,1
291720 Ituaçu,2
291740 Jacaraci,1
291750 Jacobina,1
291760 Jaguaquara,1
291780 Jaguaripe,2
291800 Jequié,26
291820 Jiquiriçá,1
291830 Jitaúna,1
291835 João Dourado,3
291840 Juazeiro,47
291880 Laje,1
291900 Lajedinho,1
291915 Lapão,1
291920 Lauro de Freitas,40
291930 Lençóis,4
291955 Luís Eduardo Magalhães,13
291970 Macarani,1
291992 Madre de Deus,5
292010 Mairi,1
292050 Maracás,4
292060 Maragogipe,2
292090 Mascote,2
292100 Mata de São João,5
292105 Matina,1
292110 Medeiros Neto,5
292120 Miguel Calmon,3
292130 Milagres,3
292150 Monte Santo,3
292170 Morro do Chapéu,1
292200 Mucuri,4
292230 Muritiba,3
292240 Mutuípe,2
292250 Nazaré,7
292260 Nilo Peçanha,1
292275 Nova Ibiá,2
292280 Nova Itarana,2
292290 Nova Soure,1
292300 Nova Viçosa,7
292305 Novo Triunfo,1
292310 Olindina,1
292320 Oliveira dos Brejinhos,1
292350 Palmeiras,1
292380 Paripiranga,1
292390 Pau Brasil,1
292400 Paulo Afonso,10
292430 Piatã,1
292460 Pindobaçu,2
292500 Planalto,3
292510 Poções,4
292520 Pojuca,5
292525 Ponto Novo,1
292530 Porto Seguro,41
292550 Prado,4
292575 Presidente Tancredo Neves,2
292595 Rafael Jambeiro,3
292600 Remanso,1
292620 Riachão das Neves,1
292630 Riachão do Jacuípe,2
292660 Ribeira do Pombal,3
292690 Rio do Pires,1
292700 Rio Real,5
292710 Rodelas,1
292720 Ruy Barbosa,1
292730 Salinas da Margarida,1
292740 Salvador,798
292770 Santa Cruz Cabrália,6
292790 Santa Inês,1
292805 Santa Luzia,1
292810 Santa Maria da Vitória,1
292840 Santa Rita de Cássia,1
292800 Santaluz,3
292820 Santana,2
292860 Santo Amaro,10
292870 Santo Antônio de Jesus,15
292880 Santo Estêvão,2
292890 São Desidério,1
292895 São Domingos,1
292900 São Félix,1
292905 São Félix do Coribe,1
292920 São Francisco do Conde,5
292925 São Gabriel,1
292930 São Gonçalo dos Campos,2
292935 São José da Vitória,1
292937 São José do Jacuípe,1
292950 São Sebastião do Passé,1
292975 Saubara,1
292990 Seabra,2
293010 Senhor do Bonfim,6
293020 Sento Sé,3
293050 Serrinha,5
293070 Simões Filho,19
293075 Sítio do Mato,3
293077 Sobradinho,1
293100 Tanhaçu,1
293110 Tanquinho,1
293135 Teixeira de Freitas,41
293150 Teofilândia,2
293190 Tucano,1
293200 Uauá,1
293210 Ubaíra,1
293240 Uibaí,1
293250 Una,8
293260 Urandi,1
293290 Valença,16
293320 Vera Cruz,6
293330 Vitória da Conquista,42
293345 Wanderley,1
293350 Wenceslau Guimarães,1
293360 Xique-Xique,3
310020 Abaeté,4
310070 Água Comprida,1
310090 Águas Formosas,7
310140 Albertina,1
310150 Além Paraíba,9
310160 Alfenas,16
310163 Alfredo Vasconcelos,1
310170 Almenara,2
310190 Alpinópolis,2
310210 Alto Rio Doce,1
310250 Amparo do Serra,1
310260 Andradas,3
310300 Antônio Dias,1
310340 Araçuaí,5
310350 Araguari,17
310400 Araxá,32
310410 Arceburgo,2
310420 Arcos,1
310430 Areado,1
310440 Argirita,1
310470 Ataléia,2
310500 Baldim,1
310510 Bambuí,1
310520 Bandeira,1
310540 Barão de Cocais,2
310560 Barbacena,13
310590 Barroso,1
310600 Bela Vista de Minas,2
310610 Belmiro Braga,2
310620 Belo Horizonte,620
310670 Betim,54
310690 Bicas,2
310710 Boa Esperança,2
310730 Bocaiúva,8
310780 Bom Jesus do Galho,1
310830 Borda da Mata,1
310880 Braúnas,1
310900 Brumadinho,1
310910 Bueno Brandão,1
310940 Buritizeiro,3
310950 Cabo Verde,1
310960 Cachoeira da Prata,1
310270 Cachoeira de Pajeú,1
310990 Caetanópolis,2
311000 Caeté,5
311050 Camanducaia,1
311060 Cambuí,3
311070 Cambuquira,1
311110 Campina Verde,3
311115 Campo Azul,1
311120 Campo Belo,4
311140 Campo Florido,4
311160 Campos Gerais,1
311200 Candeias,2
311230 Capelinha,4
311250 Capim Branco,1
311260 Capinópolis,1
311265 Capitão Andrade,1
311310 Caranaíba,1
311320 Carandaí,2
311330 Carangola,3
311340 Caratinga,4
311370 Carlos Chagas,1
311390 Carmo da Cachoeira,1
311420 Carmo do Cajuru,3
311430 Carmo do Paranaíba,2
311440 Carmo do Rio Claro,2
311450 Carmópolis de Minas,1
311480 Carvalhos,3
311510 Cássia,1
311530 Cataguases,5
311540 Catas Altas da Noruega,1
311545 Catuji,1
311550 Caxambu,3
311560 Cedro do Abaeté,1
311600 Chalé,1
311610 Chapada do Norte,1
311730 Conceição das Alagoas,2
311750 Conceição do Mato Dentro,4
311760 Conceição do Pará,2
311770 Conceição do Rio Verde,1
311787 Confins,1
311790 Congonhal,2
311800 Congonhas,5
311830 Conselheiro Lafaiete,15
311840 Conselheiro Pena,1
311860 Contagem,98
311910 Corinto,1
311940 Coronel Fabriciano,20
311980 Córrego Danta,2
312087 Curral de Dentro,1
312090 Curvelo,11
312100 Datas,1
312160 Diamantina,2
312220 Divinolândia de Minas,1
312230 Divinópolis,30
312247 Dom Bosco,1
312330 Dores do Turvo,1
312360 Elói Mendes,1
312400 Ervália,1
312410 Esmeraldas,14
312420 Espera Feliz,3
312450 Estiva,2
312480 Estrela do Sul,1
312490 Eugenópolis,2
312510 Extrema,1
312560 Felisburgo,1
312570 Felixlândia,2
312580 Fernandes Tourinho,1
312610 Formiga,7
312640 Fortuna de Minas,1
312670 Francisco Sá,1
312700 Fronteira,2
312705 Fronteira dos Vales,1
312710 Frutal,16
312730 Galiléia,1
312770 Governador Valadares,51
312870 Guaxupé,7
312880 Guidoval,1
312900 Guiricema,4
312930 Iapu,1
312950 Ibiá,3
312980 Ibirité,17
313005 Icaraí de Minas,1
313010 Igarapé,8
313055 Imbé de Minas,2
313090 Inhapim,3
313100 Inhaúma,1
313115 Ipaba,1
313120 Ipanema,1
313130 Ipatinga,30
313140 Ipiaçu,1
313150 Ipuiúna,2
313160 Iraí de Minas,3
313170 Itabira,6
313190 Itabirito,6
313220 Itaguara,1
313240 Itajubá,8
313250 Itamarandiba,3
313270 Itambacuri,2
313300 Itamonte,1
313320 Itanhomi,1
313330 Itaobim,5
313340 Itapagipe,3
313350 Itapecerica,2
313360 Itapeva,1
313370 Itatiaiuçu,2
313375 Itaú de Minas,2
313380 Itaúna,18
313400 Itinga,1
313420 Ituiutaba,16
313430 Itumirim,1
313440 Iturama,7
313470 Jacinto,1
313505 Jaíba,1
313510 Janaúba,2
313520 Januária,4
313545 Jenipapo de Minas,1
313550 Jequeri,1
313600 Joaíma,2
313620 João Monlevade,9
313630 João Pinheiro,6
313655 José Raydan,1
313665 Juatuba,2
313670 Juiz de Fora,109
313690 Juruaia,1
313720 Lagoa da Prata,2
313740 Lagoa Dourada,1
313750 Lagoa Formosa,3
313753 Lagoa Grande,1
313760 Lagoa Santa,6
313780 Lambari,5
313820 Lavras,13
313830 Leandro Ferreira,1
313840 Leopoldina,7
313860 Lima Duarte,1
313867 Luisburgo,1
313868 Luislândia,1
313880 Luz,7
313890 Machacalis,1
313900 Machado,2
313930 Manga,1
313940 Manhuaçu,16
313950 Manhumirim,6
313960 Mantena,2
313980 Mar de Espanha,1
314000 Mariana,10
314010 Marilac,1
314015 Mário Campos,1
314070 Mateus Leme,4
314080 Matias Barbosa,2
314110 Matozinhos,10
314140 Medina,2
314220 Miraí,1
314240 Moema,1
314270 Montalvânia,1
314280 Monte Alegre de Minas,1
314290 Monte Azul,3
314310 Monte Carmelo,6
314330 Montes Claros,34
314350 Morada Nova de Minas,5
314380 Munhoz,1
314390 Muriaé,30
314400 Mutum,1
314410 Muzambinho,1
314430 Nanuque,4
314437 Natalândia,1
314450 Nazareno,1
314460 Nepomuceno,2
314480 Nova Lima,8
314520 Nova Serrana,11
314530 Novo Cruzeiro,1
314535 Novo Oriente de Minas,1
314545 Olhos-d'Água,1
314560 Oliveira,12
314580 Onça de Pitangui,1
314587 Orizânia,4
314590 Ouro Branco,3
314600 Ouro Fino,2
314610 Ouro Preto,4
314630 Padre Paraíso,3
314710 Pará de Minas,10
314700 Paracatu,4
314730 Paraisópolis,4
314740 Paraopeba,3
314760 Passa Quatro,2
314790 Passos,12
314795 Patis,2
314800 Patos de Minas,14
314810 Patrocínio,1
314870 Pedra Azul,1
314910 Pedralva,1
314930 Pedro Leopoldo,10
314950 Pequeri,1
315020 Piedade de Ponte Nova,1
315080 Piranga,1
315100 Piranguinho,1
315110 Pirapetinga,1
315120 Pirapora,6
315140 Pitangui,2
315160 Planura,2
315180 Poços de Caldas,12
315200 Pompéu,4
315210 Ponte Nova,6
315217 Ponto dos Volantes,1
315220 Porteirinha,1
315250 Pouso Alegre,24
315260 Pouso Alto,2
315280 Prata,8
315290 Pratápolis,1
315330 Presidente Kubitschek,1
315360 Prudente de Morais,4
315370 Quartel Geral,1
315390 Raposos,2
315400 Raul Soares,1
315410 Recreio,1
315430 Resplendor,2
315440 Ressaquinha,1
315445 Riachinho,1
315460 Ribeirão das Neves,37
315480 Rio Acima,2
315490 Rio Casca,3
315510 Rio do Prado,1
315540 Rio Novo,4
315590 Rio Preto,1
315620 Rochedo de Minas,1
315630 Rodeiro,2
315640 Romaria,1
315660 Rubim,1
315670 Sabará,24
315690 Sacramento,3
315780 Santa Luzia,42
315820 Santa Maria do Suaçuí,1
315960 Santa Rita do Sapucaí,4
315980 Santa Vitória,4
315860 Santana do Deserto,1
315880 Santana do Jacaré,2
315890 Santana do Manhuaçu,1
315895 Santana do Paraíso,4
315900 Santana do Riacho,1
315990 Santo Antônio do Amparo,5
316040 Santo Antônio do Monte,3
316070 Santos Dumont,4
316095 São Domingos das Dores,1
316100 São Domingos do Prata,1
316110 São Francisco,1
316120 São Francisco de Paula,1
316130 São Francisco de Sales,1
316140 São Francisco do Glória,1
316150 São Geraldo,1
316160 São Geraldo da Piedade,1
316200 São Gonçalo do Sapucaí,3
316210 São Gotardo,5
316245 São João das Missões,1
316250 São João del Rei,7
316255 São João do Manhuaçu,2
316292 São Joaquim de Bicas,5
316295 São José da Lapa,5
316310 São José da Varginha,1
316370 São Lourenço,3
316400 São Pedro dos Ferros,1
316440 São Sebastião da Bela Vista,1
316470 São Sebastião do Paraíso,14
316510 São Tomás de Aquino,2
316530 São Vicente de Minas,1
316553 Sarzedo,7
316620 Senhora dos Remédios,1
316630 Sericita,1
316680 Serra do Salitre,1
316690 Serrania,1
316695 Serranópolis de Minas,1
316720 Sete Lagoas,55
316790 Tabuleiro,1
316850 Teixeiras,1
316860 Teófilo Otoni,20
316870 Timóteo,12
316880 Tiradentes,2
316900 Tocantins,1
316920 Tombos,2
316930 Três Corações,13
316935 Três Marias,1
316940 Três Pontas,8
316960 Tupaciguara,2
316970 Turmalina,2
316990 Ubá,14
317000 Ubaí,2
317010 Uberaba,64
317020 Uberlândia,195
317040 Unaí,7
317050 Urucânia,1
317070 Varginha,20
317075 Varjão de Minas,1
317090 Varzelândia,1
317100 Vazante,3
317120 Vespasiano,18
317130 Viçosa,7
317140 Vieiras,1
317160 Virgem da Lapa,1
317200 Visconde do Rio Branco,5
310000 Município ignorado - MG,1
320010 Afonso Cláudio,1
320016 Água Doce do Norte,1
320013 Águia Branca,2
320020 Alegre,5
320030 Alfredo Chaves,3
320035 Alto Rio Novo,1
320040 Anchieta,6
320060 Aracruz,7
320090 Barra de São Francisco,3
320110 Bom Jesus do Norte,3
320115 Brejetuba,2
320120 Cachoeiro de Itapemirim,40
320130 Cariacica,72
320140 Castelo,3
320150 Colatina,17
320160 Conceição da Barra,5
320170 Conceição do Castelo,1
320200 Dores do Rio Preto,1
320210 Ecoporanga,1
320220 Fundão,3
320230 Guaçuí,4
320240 Guarapari,27
320245 Ibatiba,3
320260 Iconha,2
320280 Itapemirim,4
320305 Jaguaré,5
320310 Jerônimo Monteiro,1
320313 João Neiva,2
320320 Linhares,12
320330 Mantenópolis,1
320332 Marataízes,5
320334 Marechal Floriano,1
320335 Marilândia,2
320340 Mimoso do Sul,2
320350 Montanha,5
320360 Mucurici,1
320370 Muniz Freire,1
320380 Muqui,4
320390 Nova Venécia,1
320400 Pancas,2
320405 Pedro Canário,5
320410 Pinheiros,5
320420 Piúma,3
320430 Presidente Kennedy,1
320435 Rio Bananal,3
320440 Rio Novo do Sul,1
320455 Santa Maria de Jetibá,4
320460 Santa Teresa,1
320465 São Domingos do Norte,2
320480 São José do Calçado,2
320490 São Mateus,33
320500 Serra,112
320501 Sooretama,4
320503 Vargem Alta,2
320510 Viana,19
320517 Vila Valério,2
320520 Vila Velha,136
320530 Vitória,92
330010 Angra dos Reis,33
330015 Aperibé,2
330020 Araruama,20
330022 Areal,3
330023 Armação dos Búzios,11
330025 Arraial do Cabo,6
330030 Barra do Piraí,17
330040 Barra Mansa,31
330045 Belford Roxo,114
330050 Bom Jardim,3
330060 Bom Jesus do Itabapoana,8
330070 Cabo Frio,38
330080 Cachoeiras de Macacu,8
330090 Cambuci,3
330100 Campos dos Goytacazes,142
330110 Cantagalo,2
330093 Carapebus,1
330120 Carmo,3
330130 Casimiro de Abreu,7
330095 Comendador Levy Gasparian,1
330140 Conceição de Macabu,1
330150 Cordeiro,3
330170 Duque de Caxias,242
330185 Guapimirim,15
330187 Iguaba Grande,6
330190 Itaboraí,44
330200 Itaguaí,31
330205 Italva,1
330210 Itaocara,5
330220 Itaperuna,19
330225 Itatiaia,1
330227 Japeri,17
330240 Macaé,51
330245 Macuco,4
330250 Magé,46
330260 Mangaratiba,5
330270 Maricá,31
330285 Mesquita,34
330290 Miguel Pereira,7
330300 Miracema,8
330310 Natividade,2
330320 Nilópolis,34
330330 Niterói,128
330340 Nova Friburgo,23
330350 Nova Iguaçu,271
330360 Paracambi,8
330370 Paraíba do Sul,7
330380 Parati,7
330385 Paty do Alferes,3
330390 Petrópolis,31
330395 Pinheiral,6
330400 Piraí,4
330410 Porciúncula,5
330411 Porto Real,4
330412 Quatis,3
330414 Queimados,35
330415 Quissamã,2
330420 Resende,22
330430 Rio Bonito,8
330440 Rio Claro,4
330450 Rio das Flores,1
330452 Rio das Ostras,43
330455 Rio de Janeiro,2203
330470 Santo Antônio de Pádua,4
330480 São Fidélis,1
330475 São Francisco de Itabapoana,2
330490 São Gonçalo,260
330500 São João da Barra,3
330510 São João de Meriti,123
330513 São José de Ubá,2
330520 São Pedro da Aldeia,10
330550 Saquarema,14
330555 Seropédica,16
330560 Silva Jardim,7
330570 Sumidouro,2
330575 Tanguá,3
330580 Teresópolis,34
330590 Trajano de Morais,1
330600 Três Rios,17
330610 Valença,11
330615 Varre-Sai,1
330620 Vassouras,5
330630 Volta Redonda,62
330000 Município ignorado - RJ,6
350010 Adamantina,1
350020 Adolfo,4
350030 Aguaí,3
350060 Águas de São Pedro,1
350070 Agudos,7
350075 Alambari,1
350090 Altair,1
350100 Altinópolis,1
350120 Álvares Florence,1
350130 Álvares Machado,2
350140 Álvaro de Carvalho,1
350160 Americana,30
350170 Américo Brasiliense,5
350190 Amparo,6
350210 Andradina,7
350220 Angatuba,2
350230 Anhembi,2
350250 Aparecida,5
350270 Apiaí,1
350275 Araçariguama,3
350280 Araçatuba,54
350290 Araçoiaba da Serra,4
350310 Arandu,1
350320 Araraquara,33
350330 Araras,20
350340 Arealva,1
350360 Areiópolis,1
350370 Ariranha,1
350380 Artur Nogueira,3
350390 Arujá,17
350400 Assis,12
350410 Atibaia,11
350420 Auriflama,1
350430 Avaí,2
350440 Avanhandava,3
350450 Avaré,14
350460 Bady Bassitt,3
350470 Balbinos,2
350510 Barbosa,1
350520 Bariri,2
350530 Barra Bonita,2
350540 Barra do Turvo,1
350550 Barretos,25
350560 Barrinha,1
350570 Barueri,58
350580 Bastos,1
350590 Batatais,4
350600 Bauru,97
350610 Bebedouro,20
350635 Bertioga,11
350650 Birigui,15
350660 Biritiba-Mirim,1
350670 Boa Esperança do Sul,1
350680 Bocaina,1
350700 Boituva,5
350710 Bom Jesus dos Perdões,1
350715 Bom Sucesso de Itararé,1
350730 Boracéia,1
350750 Botucatu,18
350760 Bragança Paulista,22
350775 Brejo Alegre,1
350780 Brodowski,2
350800 Buri,1
350810 Buritama,3
350820 Buritizal,1
350840 Cabreúva,2
350850 Caçapava,12
350860 Cachoeira Paulista,5
350900 Caieiras,17
350920 Cajamar,11
350925 Cajati,6
350940 Cajuru,5
350945 Campina do Monte Alegre,3
350950 Campinas,223
350960 Campo Limpo Paulista,10
350970 Campos do Jordão,4
350980 Campos Novos Paulista,2
350990 Cananéia,2
350995 Canas,1
351000 Cândido Mota,1
351020 Capão Bonito,3
351030 Capela do Alto,8
351040 Capivari,19
351050 Caraguatatuba,42
351060 Carapicuíba,70
351070 Cardoso,2
351080 Casa Branca,1
351090 Cássia dos Coqueiros,3
351100 Castilho,2
351110 Catanduva,16
351120 Catiguá,1
351130 Cedral,1
351140 Cerqueira César,6
351150 Cerquilho,4
351160 Cesário Lange,2
355720 Chavantes,2
351200 Colina,1
351210 Colômbia,1
351220 Conchal,1
351230 Conchas,2
351240 Cordeirópolis,1
351250 Coroados,1
351270 Corumbataí,1
351280 Cosmópolis,8
351290 Cosmorama,1
351300 Cotia,24
351310 Cravinhos,9
351320 Cristais Paulista,1
351340 Cruzeiro,13
351350 Cubatão,20
351370 Descalvado,3
351380 Diadema,58
351410 Dois Córregos,1
351430 Dourado,1
351440 Dracena,7
351450 Duartina,1
351460 Dumont,2
351500 Embu,33
351510 Embu-Guaçu,5
351515 Engenheiro Coelho,1
351518 Espírito Santo do Pinhal,1
351535 Euclides da Cunha Paulista,1
351540 Fartura,1
351560 Fernando Prestes,1
351550 Fernandópolis,9
351570 Ferraz de Vasconcelos,11
351580 Flora Rica,1
351590 Floreal,1
351610 Florínia,1
351620 Franca,52
351630 Francisco Morato,25
351640 Franco da Rocha,26
351660 Gália,1
351700 Getulina,1
351720 Guaiçara,1
351730 Guaimbê,1
351740 Guaíra,3
351750 Guapiaçu,5
351770 Guará,2
351780 Guaraçaí,1
351820 Guararapes,5
351830 Guararema,2
351840 Guaratinguetá,21
351850 Guareí,11
351860 Guariba,3
351870 Guarujá,90
351880 Guarulhos,178
351905 Holambra,3
351907 Hortolândia,38
351925 Iaras,3
351930 Ibaté,2
351940 Ibirá,3
351960 Ibitinga,8
351970 Ibiúna,5
351990 Iepê,1
352000 Igaraçu do Tietê,1
352010 Igarapava,1
352020 Igaratá,1
352030 Iguape,2
352042 Ilha Comprida,4
352044 Ilha Solteira,1
352040 Ilhabela,3
352050 Indaiatuba,38
352070 Indiaporã,2
352090 Ipaussu,1
352100 Iperó,4
352120 Iporanga,1
352130 Ipuã,2
352140 Iracemápolis,1
352160 Irapuru,2
352170 Itaberá,1
352180 Itaí,5
352210 Itanhaém,12
352215 Itaóca,1
352220 Itapecerica da Serra,11
352230 Itapetininga,21
352240 Itapeva,3
352250 Itapevi,41
352260 Itapira,8
352270 Itápolis,3
352280 Itaporanga,2
352290 Itapuí,2
352300 Itapura,1
352310 Itaquaquecetuba,44
352320 Itararé,1
352340 Itatiba,10
352360 Itirapina,12
352390 Itu,32
352400 Itupeva,7
352410 Ituverava,7
352420 Jaborandi,2
352430 Jaboticabal,10
352440 Jacareí,37
352460 Jacupiranga,3
352470 Jaguariúna,13
352480 Jales,6
352500 Jandira,25
352510 Jardinópolis,5
352520 Jarinu,2
352530 Jaú,12
352540 Jeriquara,1
352560 João Ramalho,3
352570 José Bonifácio,7
352590 Jundiaí,54
352610 Juquiá,1
352620 Juquitiba,3
352640 Laranjal Paulista,3
352650 Lavínia,2
352670 Leme,19
352680 Lençóis Paulista,9
352690 Limeira,46
352700 Lindóia,2
352710 Lins,10
352720 Lorena,12
352730 Louveira,5
352740 Lucélia,2
352790 Lutécia,1
352810 Macaubal,1
352840 Mairinque,2
352850 Mairiporã,7
352860 Manduri,2
352870 Marabá Paulista,1
352900 Marília,22
352920 Martinópolis,7
352930 Matão,8
352940 Mauá,43
352960 Meridiano,1
352970 Miguelópolis,2
352980 Mineiros do Tietê,3
352990 Miracatu,3
353010 Mirandópolis,6
353020 Mirante do Paranapanema,2
353030 Mirassol,7
353050 Mococa,2
353060 Mogi das Cruzes,47
353070 Mogi Guaçu,33
353080 Moji Mirim,7
353090 Mombuca,4
353110 Mongaguá,20
353130 Monte Alto,8
353140 Monte Aprazível,3
353150 Monte Azul Paulista,4
353180 Monte Mor,12
353190 Morro Agudo,1
353205 Motuca,1
353210 Murutinga do Sul,1
353240 Nazaré Paulista,1
353290 Nova Europa,2
353300 Nova Granada,1
353340 Nova Odessa,2
353325 Novais,1
353350 Novo Horizonte,5
353360 Nuporanga,1
353390 Olímpia,6
353400 Onda Verde,1
353430 Orlândia,1
353440 Osasco,132
353450 Oscar Bressane,1
353460 Osvaldo Cruz,2
353470 Ourinhos,15
353480 Ouro Verde,1
353475 Ouroeste,2
353490 Pacaembu,2
353500 Palestina,1
353510 Palmares Paulista,2
353520 Palmeira d'Oeste,2
353530 Palmital,3
353550 Paraguaçu Paulista,5
353560 Paraibuna,2
353570 Paraíso,1
353580 Paranapanema,2
353600 Parapuã,1
353620 Pariquera-Açu,4
353650 Paulínia,16
353660 Paulo de Faria,3
353670 Pederneiras,3
353700 Pedregulho,1
353710 Pedreira,9
353730 Penápolis,2
353740 Pereira Barreto,7
353760 Peruíbe,12
353780 Piedade,4
353790 Pilar do Sul,4
353800 Pindamonhangaba,19
353820 Pinhalzinho,3
353850 Piquete,1
353870 Piracicaba,98
353880 Piraju,3
353890 Pirajuí,7
353910 Pirapora do Bom Jesus,3
353920 Pirapozinho,3
353930 Pirassununga,6
353950 Pitangueiras,5
353980 Poá,17
353990 Poloni,1
354000 Pompéia,1
354020 Pontal,2
354030 Pontes Gestal,2
354060 Porto Feliz,11
354070 Porto Ferreira,3
354075 Potim,5
354080 Potirendaba,3
354085 Pracinha,2
354100 Praia Grande,44
354130 Presidente Epitácio,5
354140 Presidente Prudente,36
354150 Presidente Venceslau,4
354160 Promissão,3
354170 Quatá,3
354210 Rafard,2
354220 Rancharia,1
354240 Regente Feijó,2
354250 Reginópolis,2
354260 Registro,9
354270 Restinga,2
354290 Ribeirão Bonito,2
354310 Ribeirão Corrente,1
354325 Ribeirão Grande,1
354330 Ribeirão Pires,12
354340 Ribeirão Preto,161
354390 Rio Claro,30
354400 Rio das Pedras,1
354410 Rio Grande da Serra,7
354420 Riolândia,1
354425 Rosana,1
354440 Rubiácea,1
354450 Rubinéia,1
354470 Sagres,1
354480 Sales,1
354490 Sales Oliveira,2
354500 Salesópolis,2
354515 Saltinho,2
354520 Salto,13
354530 Salto de Pirapora,6
354560 Santa Adélia,1
354580 Santa Bárbara d'Oeste,33
354600 Santa Branca,1
354610 Santa Clara d'Oeste,1
354640 Santa Cruz do Rio Pardo,8
354650 Santa Ernestina,1
354660 Santa Fé do Sul,5
354670 Santa Gertrudes,1
354680 Santa Isabel,8
354690 Santa Lúcia,2
354710 Santa Mercedes,1
354750 Santa Rita do Passa Quatro,3
354760 Santa Rosa de Viterbo,1
354730 Santana de Parnaíba,14
354770 Santo Anastácio,4
354780 Santo André,83
354810 Santo Antônio do Jardim,1
354850 Santos,112
354870 São Bernardo do Campo,82
354880 São Caetano do Sul,18
354890 São Carlos,40
354910 São João da Boa Vista,4
354940 São Joaquim da Barra,8
354960 São José do Barreiro,2
354970 São José do Rio Pardo,1
354980 São José do Rio Preto,155
354990 São José dos Campos,99
354995 São Lourenço da Serra,1
355010 São Manuel,2
355030 São Paulo,2511
355040 São Pedro,12
355060 São Roque,7
355070 São Sebastião,17
355080 São Sebastião da Grama,1
355090 São Simão,1
355100 São Vicente,57
355140 Serra Azul,4
355160 Serra Negra,1
355150 Serrana,1
355170 Sertãozinho,21
355180 Sete Barras,3
355210 Socorro,1
355220 Sorocaba,87
355240 Sumaré,50
355250 Suzano,29
355260 Tabapuã,1
355270 Tabatinga,1
355280 Taboão da Serra,27
355300 Taguaí,1
355320 Taiúva,5
355330 Tambaú,1
355370 Taquaritinga,12
355380 Taquarituba,2
355395 Tarumã,3
355400 Tatuí,15
355410 Taubaté,54
355440 Terra Roxa,1
355450 Tietê,5
355475 Trabiju,1
355480 Tremembé,12
355495 Tuiuti,2
355500 Tupã,5
355510 Tupi Paulista,8
355520 Turiúba,1
355530 Turmalina,1
355540 Ubatuba,14
355580 Urânia,1
355600 Urupês,1
355610 Valentim Gentil,1
355620 Valinhos,14
355630 Valparaíso,5
355640 Vargem Grande do Sul,9
355645 Vargem Grande Paulista,6
355650 Várzea Paulista,21
355670 Vinhedo,7
355680 Viradouro,2
355690 Vista Alegre do Alto,1
355700 Votorantim,21
355710 Votuporanga,18
350000 Município ignorado - SP,3
410010 Abatiá,1
410030 Agudos do Sul,1
410040 Almirante Tamandaré,21
410060 Alto Paraná,1
410050 Altônia,1
410080 Alvorada do Sul,2
410100 Ampére,2
410120 Antonina,2
410140 Apucarana,23
410150 Arapongas,11
410160 Arapoti,5
410170 Araruna,3
410180 Araucária,18
410190 Assaí,4
410200 Assis Chateaubriand,2
410210 Astorga,5
410240 Bandeirantes,3
410260 Barracão,1
410280 Bela Vista do Paraíso,3
410290 Bituruna,1
410302 Boa Esperança do Iguaçu,1
410305 Boa Vista da Aparecida,2
410310 Bocaiúva do Sul,1
410345 Cafelândia,3
410350 Califórnia,2
410360 Cambará,1
410370 Cambé,19
410380 Cambira,1
410390 Campina da Lagoa,1
410400 Campina Grande do Sul,14
410420 Campo Largo,16
410425 Campo Magro,6
410430 Campo Mourão,22
410440 Cândido de Abreu,3
410450 Capanema,2
410460 Capitão Leônidas Marques,2
410465 Carambeí,3
410470 Carlópolis,1
410480 Cascavel,73
410490 Castro,10
410530 Céu Azul,1
410540 Chopinzinho,2
410550 Cianorte,8
410570 Clevelândia,1
410580 Colombo,60
410590 Colorado,4
410610 Conselheiro Mairinck,3
410620 Contenda,1
410630 Corbélia,3
410640 Cornélio Procópio,7
410655 Corumbataí do Sul,1
410680 Cruz Machado,1
410660 Cruzeiro do Oeste,1
410690 Curitiba,383
410710 Diamante do Norte,1
410712 Diamante do Sul,1
410720 Dois Vizinhos,4
410730 Doutor Camargo,1
412863 Doutor Ulysses,1
410750 Engenheiro Beltrão,1
410755 Farol,1
410765 Fazenda Rio Grande,21
410773 Fernandes Pinheiro,1
410810 Flórida,1
410820 Formosa do Oeste,1
410830 Foz do Iguaçu,46
410845 Foz do Jordão,1
410832 Francisco Alves,1
410840 Francisco Beltrão,17
410870 Grandes Rios,1
410880 Guaíra,20
410890 Guairaçá,1
410930 Guaraniaçu,1
410940 Guarapuava,44
410960 Guaratuba,14
410970 Ibaiti,2
410980 Ibiporã,7
411000 Iguaraçu,2
411040 Indianópolis,3
411065 Iracema do Oeste,1
411070 Irati,4
411090 Itaguajé,2
411120 Itapejara d'Oeste,1
411125 Itaperuçu,2
411140 Ivaí,3
411150 Ivaiporã,3
411160 Ivatuba,1
411180 Jacarezinho,6
411190 Jaguapitã,2
411200 Jaguariaíva,4
411240 Japurá,1
411270 Jataizinho,5
411280 Joaquim Távora,1
411295 Juranda,1
411300 Jussara,1
411325 Laranjal,2
411330 Laranjeiras do Sul,5
411345 Lindoeste,1
411350 Loanda,1
411360 Lobato,2
411370 Londrina,105
411375 Lunardelli,1
411390 Mallet,1
411420 Mandaguari,8
411430 Mandirituba,2
411460 Marechal Cândido Rondon,10
411480 Marialva,3
411510 Mariluz,1
411520 Maringá,81
411540 Marmeleiro,1
411545 Marquinho,1
411570 Matinhos,15
411575 Mauá da Serra,1
411580 Medianeira,8
411590 Mirador,1
411620 Morretes,5
411630 Munhoz de Melo,2
411670 Nova Aurora,2
411680 Nova Cantu,1
411690 Nova Esperança,3
411700 Nova Fátima,3
411705 Nova Laranjeiras,1
411710 Nova Londrina,4
411720 Nova Olímpia,4
411721 Nova Santa Bárbara,1
411727 Nova Tebas,1
411729 Novo Itacolomi,1
411750 Paiçandu,10
411760 Palmas,4
411770 Palmeira,3
411790 Palotina,6
411800 Paraíso do Norte,2
411810 Paranacity,3
411820 Paranaguá,57
411840 Paranavaí,13
411845 Pato Bragado,2
411850 Pato Branco,24
411870 Paulo Frontin,1
411880 Peabiru,4
411900 Pérola d'Oeste,1
411915 Pinhais,40
411930 Pinhão,3
411940 Piraí do Sul,5
411950 Piraquara,24
411960 Pitanga,4
411965 Pitangueiras,1
411970 Planaltina do Paraná,1
411990 Ponta Grossa,81
411995 Pontal do Paraná,6
412000 Porecatu,1
412020 Porto Rico,1
412040 Presidente Castelo Branco,1
412060 Prudentópolis,5
412070 Quatiguá,3
412080 Quatro Barras,5
412090 Quedas do Iguaçu,3
412100 Querência do Norte,1
412120 Quitandinha,1
412130 Rancho Alegre,1
412140 Realeza,1
412150 Rebouças,2
412160 Renascença,1
412170 Reserva,1
412180 Ribeirão Claro,1
412190 Ribeirão do Pinhal,3
412220 Rio Branco do Sul,4
412230 Rio Negro,6
412240 Rolândia,13
412260 Rondon,1
412270 Sabáudia,1
412300 Salto do Lontra,2
412350 Santa Helena,3
412382 Santa Lúcia,2
412390 Santa Mariana,1
412402 Santa Tereza do Oeste,1
412405 Santa Terezinha de Itaipu,4
412400 Santana do Itararé,2
412410 Santo Antônio da Platina,3
412440 Santo Antônio do Sudoeste,1
412450 Santo Inácio,1
412470 São Jerônimo da Serra,1
412500 São João do Ivaí,2
412520 São Jorge d'Oeste,2
412550 São José dos Pinhais,63
412570 São Miguel do Iguaçu,7
412575 São Pedro do Iguaçu,4
412580 São Pedro do Ivaí,2
412600 São Sebastião da Amoreira,2
412620 Sapopema,1
412625 Sarandi,18
412640 Sertaneja,1
412650 Sertanópolis,5
412660 Siqueira Campos,1
412680 Tapejara,1
412700 Teixeira Soares,1
412710 Telêmaco Borba,3
412720 Terra Boa,1
412730 Terra Rica,1
412740 Terra Roxa,2
412750 Tibagi,2
412760 Tijucas do Sul,2
412770 Toledo,27
412785 Três Barras do Paraná,4
412795 Tupãssi,1
412800 Ubiratã,3
412810 Umuarama,13
412820 União da Vitória,7
412840 Uraí,2
412853 Ventania,1
412855 Vera Cruz do Oeste,1
412860 Verê,2
412870 Vitorino,1
412850 Wenceslau Braz,3
420005 Abdon Batista,2
420010 Abelardo Luz,1
420020 Agrolândia,1
420030 Agronômica,1
420040 Água Doce,1
420050 Águas de Chapecó,1
420060 Águas Mornas,1
420120 Antônio Carlos,1
420125 Apiúna,1
420127 Arabutã,1
420130 Araquari,9
420140 Araranguá,25
420150 Armazém,1
420190 Aurora,2
420195 Balneário Arroio do Silva,6
420205 Balneário Barra do Sul,3
420200 Balneário Camboriú,88
420207 Balneário Gaivota,1
420208 Bandeirante,1
420210 Barra Velha,9
420220 Benedito Novo,2
420230 Biguaçu,34
420240 Blumenau,100
420260 Bom Retiro,1
420245 Bombinhas,2
420280 Braço do Norte,10
420285 Braço do Trombudo,1
420287 Brunópolis,1
420290 Brusque,29
420300 Caçador,5
420320 Camboriú,34
420340 Campo Belo do Sul,1
420350 Campo Erê,1
420360 Campos Novos,9
420370 Canelinha,3
420380 Canoinhas,9
420390 Capinzal,4
420395 Capivari de Baixo,5
420400 Catanduvas,3
420420 Chapecó,49
420425 Cocal do Sul,4
420430 Concórdia,7
420455 Correia Pinto,1
420450 Corupá,1
420460 Criciúma,82
420480 Curitibanos,7
420500 Dionísio Cerqueira,2
420517 Entre Rios,1
420519 Ermo,1
420520 Erval Velho,1
420540 Florianópolis,294
420545 Forquilhinha,6
420550 Fraiburgo,4
420560 Galvão,1
420570 Garopaba,4
420580 Garuva,3
420590 Gaspar,6
420600 Governador Celso Ramos,8
420610 Grão Pará,2
420630 Guabiruba,5
420650 Guaramirim,10
420670 Herval d'Oeste,5
420680 Ibicaré,1
420690 Ibirama,14
420700 Içara,17
420710 Ilhota,1
420720 Imaruí,2
420730 Imbituba,17
420740 Imbuia,1
420750 Indaial,18
420757 Iomerê,1
420765 Iporã do Oeste,1
420768 Ipuaçu,2
420770 Ipumirim,1
420775 Iraceminha,1
420780 Irani,1
420820 Itajaí,134
420830 Itapema,17
420845 Itapoá,4
420850 Ituporanga,1
420880 Jaguaruna,6
420890 Jaraguá do Sul,49
420900 Joaçaba,3
420910 Joinville,164
420915 José Boiteux,4
420930 Lages,53
420940 Laguna,14
420950 Laurentino,2
420960 Lauro Muller,4
420970 Lebon Régis,1
420990 Lontras,2
421000 Luiz Alves,3
421010 Mafra,8
421020 Major Gercino,2
421050 Maravilha,4
421060 Massaranduba,2
421080 Meleiro,1
421105 Monte Carlo,5
421120 Morro da Fumaça,1
421125 Morro Grande,1
421130 Navegantes,25
421160 Nova Veneza,2
421170 Orleans,10
421175 Otacílio Costa,4
421187 Paial,1
421190 Palhoça,83
421200 Palma Sola,1
421205 Palmeira,1
421210 Palmitos,3
421220 Papanduva,1
421250 Penha,6
421260 Peritiba,1
421270 Petrolândia,1
421280 Piçarras,5
421290 Pinhalzinho,1
421320 Pomerode,6
421340 Ponte Serrada,4
421350 Porto Belo,7
421360 Porto União,3
421370 Pouso Redondo,3
421460 Rio do Oeste,2
421480 Rio do Sul,31
421470 Rio dos Cedros,2
421500 Rio Negrinho,2
421510 Rodeio,5
421545 Sangão,4
421550 Santa Cecília,3
421565 Santa Rosa do Sul,3
421570 Santo Amaro da Imperatriz,7
421580 São Bento do Sul,11
421605 São Cristovão do Sul,4
421610 São Domingos,1
421620 São Francisco do Sul,15
421630 São João Batista,8
421640 São João do Sul,1
421650 São Joaquim,7
421660 São José,138
421680 São José do Cerrito,2
421690 São Lourenço do Oeste,4
421720 São Miguel do Oeste,2
421740 Schroeder,1
421750 Seara,2
421760 Siderópolis,5
421770 Sombrio,9
421780 Taió,1
421800 Tijucas,13
421820 Timbó,9
421860 Trombudo Central,1
421870 Tubarão,38
421880 Turvo,1
421890 Urubici,2
421900 Urussanga,3
421910 Vargeão,1
421915 Vargem,1
421920 Vidal Ramos,2
421930 Videira,4
421950 Xanxerê,9
421960 Xavantina,1
421970 Xaxim,4
430003 Aceguá,1
430030 Alecrim,3
430040 Alegrete,23
430050 Alpestre,1
430060 Alvorada,111
430063 Amaral Ferrador,1
430064 Ametista do Sul,1
430070 Anta Gorda,1
430087 Araricá,2
430100 Arroio do Meio,4
430105 Arroio do Sal,1
430120 Arroio do Tigre,2
430110 Arroio dos Ratos,9
430130 Arroio Grande,4
430140 Arvorezinha,1
430150 Augusto Pestana,1
430155 Áurea,1
430160 Bagé,35
430190 Barra do Ribeiro,2
430210 Bento Gonçalves,22
430220 Boa Vista do Buricá,3
430230 Bom Jesus,3
430240 Bom Retiro do Sul,2
430245 Boqueirão do Leão,1
430250 Bossoroca,2
430258 Bozano,1
430270 Butiá,8
430280 Caçapava do Sul,9
430290 Cacequi,2
430300 Cachoeira do Sul,22
430310 Cachoeirinha,44
430340 Caiçara,1
430350 Camaquã,18
430380 Campinas do Sul,2
430390 Campo Bom,14
430400 Campo Novo,2
430420 Candelária,4
430440 Canela,11
430450 Canguçu,5
430460 Canoas,165
430463 Capão da Canoa,28
430465 Capão do Cipó,1
430466 Capão do Leão,7
430468 Capela de Santana,1
430469 Capitão,1
430467 Capivari do Sul,3
430471 Caraá,2
430470 Carazinho,14
430480 Carlos Barbosa,5
430490 Casca,2
430495 Caseiros,1
430510 Caxias do Sul,96
430512 Cerrito,1
430520 Cerro Largo,1
430530 Chapada,2
430535 Charqueadas,35
430540 Chiapetta,1
430545 Cidreira,6
430570 Condor,1
430580 Constantina,2
430590 Coronel Bicaco,1
430595 Cotiporã,1
430600 Crissiumal,1
430610 Cruz Alta,30
430620 Cruzeiro do Sul,1
430637 Dilermando de Aguiar,1
430640 Dois Irmãos,3
430650 Dom Feliciano,4
430660 Dom Pedrito,16
430670 Dona Francisca,1
430676 Eldorado do Sul,11
430690 Encruzilhada do Sul,4
430700 Erechim,10
430730 Erval Seco,1
430745 Esperança do Sul,1
430750 Espumoso,7
430755 Estação,2
430760 Estância Velha,10
430770 Esteio,28
430780 Estrela,4
430790 Farroupilha,10
430805 Faxinalzinho,1
430820 Flores da Cunha,1
430840 Formigueiro,2
430845 Fortaleza dos Valos,3
430850 Frederico Westphalen,1
430860 Garibaldi,3
430880 General Câmara,1
430900 Giruá,4
430905 Glorinha,3
430910 Gramado,15
430920 Gravataí,111
430930 Guaíba,35
430940 Guaporé,4
430950 Guarani das Missões,1
430710 Herval,1
430960 Horizontina,3
430990 Ibiraiaras,2
431000 Ibirubá,5
431010 Igrejinha,9
431020 Ijuí,7
431030 Ilópolis,1
431033 Imbé,9
431040 Independência,1
431043 Ipê,2
431053 Itaara,1
431060 Itaqui,10
431065 Itati,1
431080 Ivoti,8
431085 Jaboticaba,1
431100 Jaguarão,11
431120 Júlio de Castilhos,2
431130 Lagoa Vermelha,7
431125 Lagoão,2
431140 Lajeado,28
431150 Lavras do Sul,1
431170 Machadinho,1
431175 Manoel Viana,3
431180 Marau,5
431198 Mariana Pimentel,1
431205 Marques de Souza,1
431225 Minas do Leão,1
431230 Miraguaí,1
431240 Montenegro,35
431247 Morro Reuter,1
431250 Mostardas,1
431261 Muitos Capões,1
431265 Não-Me-Toque,2
431280 Nova Araçá,1
431290 Nova Bassano,1
431300 Nova Bréscia,1
431306 Nova Hartz,1
431310 Nova Palma,1
431320 Nova Petrópolis,2
431330 Nova Prata,4
431337 Nova Santa Rita,11
431339 Novo Cabrais,1
431340 Novo Hamburgo,103
431350 Osório,24
431365 Palmares do Sul,5
431370 Palmeira das Missões,12
431390 Panambi,5
431395 Pantano Grande,3
431400 Paraí,1
431402 Paraíso do Sul,1
431403 Pareci Novo,2
431405 Parobé,11
431407 Passo do Sobrado,1
431410 Passo Fundo,43
431415 Paverama,1
431420 Pedro Osório,3
431440 Pelotas,132
431445 Pinhal,2
431447 Pinhal Grande,2
431450 Pinheiro Machado,3
431460 Piratini,2
431470 Planalto,1
431475 Poço das Antas,2
431480 Portão,11
431490 Porto Alegre,976
431510 Porto Xavier,3
431530 Quaraí,3
431531 Quatro Irmãos,1
431532 Quevedos,1
431540 Redentora,1
431550 Restinga Seca,5
431560 Rio Grande,120
431570 Rio Pardo,9
431580 Roca Sales,3
431590 Rodeio Bonito,1
431600 Rolante,3
431620 Rondinha,1
431630 Roque Gonzales,1
431640 Rosário do Sul,8
431642 Sagrada Família,1
431643 Saldanha Marinho,1
431645 Salto do Jacuí,1
431650 Salvador do Sul,3
431660 Sananduva,1
431670 Santa Bárbara do Sul,1
431673 Santa Cecília do Sul,1
431680 Santa Cruz do Sul,34
431697 Santa Margarida do Sul,1
431690 Santa Maria,96
431720 Santa Rosa,8
431730 Santa Vitória do Palmar,15
431700 Santana da Boa Vista,1
431710 Santana do Livramento,16
431740 Santiago,14
431750 Santo Ângelo,16
431760 Santo Antônio da Patrulha,8
431780 Santo Augusto,1
431790 Santo Cristo,2
431800 São Borja,18
431810 São Francisco de Assis,1
431820 São Francisco de Paula,4
431830 São Gabriel,10
431840 São Jerônimo,7
431850 São José do Norte,8
431862 São José dos Ausentes,1
431870 São Leopoldo,81
431880 São Lourenço do Sul,4
431890 São Luiz Gonzaga,9
431900 São Marcos,4
431910 São Martinho,1
431912 São Martinho da Serra,1
431920 São Nicolau,1
431930 São Paulo das Missões,1
431940 São Pedro do Sul,2
431950 São Sebastião do Caí,8
431960 São Sepé,1
431973 São Valério do Sul,1
431990 Sapiranga,24
432000 Sapucaia do Sul,59
432010 Sarandi,1
432020 Seberi,2
432035 Sentinela do Sul,3
432040 Serafina Corrêa,2
432050 Sertão,1
432070 Sobradinho,1
432080 Soledade,5
432090 Tapejara,2
432100 Tapera,1
432110 Tapes,5
432120 Taquara,17
432130 Taquari,4
432140 Tenente Portela,1
432145 Teutônia,3
432150 Torres,11
432160 Tramandaí,32
432166 Três Cachoeiras,2
432170 Três Coroas,6
432180 Três de Maio,9
432183 Três Forquilhas,1
432185 Três Palmeiras,1
432190 Três Passos,1
432195 Trindade do Sul,1
432200 Triunfo,6
432210 Tucunduva,1
432218 Tupanci do Sul,1
432220 Tupanciretã,3
432240 Uruguaiana,51
432250 Vacaria,8
432253 Vale do Sol,1
432260 Venâncio Aires,14
432270 Vera Cruz,10
432280 Veranópolis,5
432300 Viamão,117
432340 Vila Maria,1
432360 Vista Alegre do Prata,1
432370 Vista Gaúcha,1
432380 Xangri-lá,4
500020 Água Clara,3
500025 Alcinópolis,2
500060 Amambaí,13
500090 Antônio João,1
500100 Aparecida do Taboado,2
500110 Aquidauana,10
500150 Bandeirantes,1
500190 Bataguassu,1
500200 Batayporã,1
500210 Bela Vista,1
500230 Brasilândia,1
500240 Caarapó,6
500260 Camapuã,2
500270 Campo Grande,204
500280 Caracol,1
500290 Cassilândia,9
500295 Chapadão do Sul,6
500315 Coronel Sapucaia,3
500320 Corumbá,15
500325 Costa Rica,3
500330 Coxim,7
500345 Deodápolis,2
500348 Dois Irmãos do Buriti,1
500370 Dourados,59
500375 Eldorado,7
500400 Glória de Dourados,1
500430 Iguatemi,3
500450 Itaporã,2
500470 Ivinhema,4
500480 Japorã,6
500500 Jardim,1
500515 Juti,1
500520 Ladário,4
500525 Laguna Carapã,2
500540 Maracaju,11
500560 Miranda,4
500568 Mundo Novo,2
500570 Naviraí,14
500580 Nioaque,1
500600 Nova Alvorada do Sul,3
500620 Nova Andradina,8
500630 Paranaíba,12
500660 Ponta Porã,13
500710 Ribas do Rio Pardo,4
500720 Rio Brilhante,7
500730 Rio Negro,2
500740 Rio Verde de Mato Grosso,14
500769 São Gabriel do Oeste,8
500770 Sete Quedas,2
500790 Sidrolândia,11
500793 Sonora,5
500795 Tacuru,1
500800 Terenos,3
500830 Três Lagoas,20
500840 Vicentina,2
510020 Água Boa,4
510025 Alta Floresta,3
510030 Alto Araguaia,2
510040 Alto Garças,3
510130 Arenápolis,1
510160 Barão de Melgaço,1
510170 Barra do Bugres,5
510180 Barra do Garças,15
510250 Cáceres,14
510263 Campo Novo do Parecis,3
510267 Campo Verde,12
510268 Campos de Júlio,1
510270 Canarana,2
510300 Chapada dos Guimarães,2
510305 Cláudia,1
510310 Cocalinho,1
510320 Colíder,3
510330 Comodoro,3
510335 Confresa,4
510340 Cuiabá,174
510345 Denise,2
510350 Diamantino,8
510360 Dom Aquino,1
510370 Feliz Natal,1
510390 General Carneiro,1
510410 Guarantã do Norte,10
510420 Guiratinga,3
510454 Itanhangá,1
510455 Itaúba,1
510460 Itiquira,2
510480 Jaciara,10
510510 Juara,5
510515 Juína,9
510517 Juruena,1
510520 Juscimeira,2
510523 Lambari D'Oeste,1
510525 Lucas do Rio Verde,10
510558 Marcelândia,5
510560 Matupá,2
510562 Mirassol d'Oeste,2
510590 Nobres,7
510621 Nova Canaã do Norte,1
510880 Nova Guarita,2
510885 Nova Marilândia,1
510622 Nova Mutum,8
510623 Nova Olímpia,2
510619 Nova Santa Helena,1
510624 Nova Ubiratã,1
510625 Nova Xavantina,3
510629 Paranaíta,2
510630 Paranatinga,10
510637 Pedra Preta,1
510642 Peixoto de Azevedo,13
510650 Poconé,9
510665 Pontal do Araguaia,1
510675 Pontes e Lacerda,2
510700 Poxoréo,4
510704 Primavera do Leste,16
510760 Rondonópolis,120
510770 Rosário Oeste,4
510774 Santa Cruz do Xingu,1
510780 Santo Antônio do Leverger,7
510785 São Félix do Araguaia,2
510730 São José do Rio Claro,4
510787 Sapezal,2
510790 Sinop,24
510792 Sorriso,20
510794 Tabaporã,1
510795 Tangará da Serra,11
510805 Terra Nova do Norte,1
510810 Tesouro,1
510840 Várzea Grande,59
510850 Vera,1
510550 Vila Bela da Santíssima Trindade,1
510860 Vila Rica,2
520005 Abadia de Goiás,3
520010 Abadiânia,1
520013 Acreúna,3
520025 Águas Lindas de Goiás,10
520030 Alexânia,4
520060 Alto Paraíso de Goiás,1
520080 Alvorada do Norte,1
520110 Anápolis,56
520130 Anicuns,3
520140 Aparecida de Goiânia,107
520150 Aporé,1
520170 Aragarças,2
520180 Aragoiânia,1
520235 Arenópolis,1
520280 Avelinópolis,2
520330 Bela Vista de Goiás,3
520340 Bom Jardim de Goiás,1
520350 Bom Jesus de Goiás,1
520355 Bonfinópolis,1
520390 Buriti Alegre,2
520410 Cachoeira Alta,1
520425 Cachoeira Dourada,1
520450 Caldas Novas,21
520455 Caldazinha,1
520470 Campinorte,2
520485 Campo Limpo de Goiás,1
520490 Campos Belos,4
520500 Carmo do Rio Verde,1
520510 Catalão,10
520545 Cezarina,1
520547 Chapadão do Céu,1
520549 Cidade Ocidental,4
520551 Cocalzinho de Goiás,1
520552 Colinas do Sul,1
520580 Corumbá de Goiás,1
520590 Corumbaíba,1
520620 Cristalina,7
520640 Crixás,1
520740 Edéia,1
520753 Faina,1
520800 Formosa,9
520840 Goianápolis,1
520860 Goianésia,4
520870 Goiânia,320
520880 Goianira,11
520890 Goiás,1
520910 Goiatuba,8
520920 Guapó,3
520960 Heitoraí,1
520970 Hidrolândia,4
520995 Indiara,3
521000 Inhumas,7
521010 Ipameri,5
521015 Ipiranga de Goiás,1
521030 Israelândia,1
521040 Itaberaí,6
521056 Itaguari,1
521080 Itajá,1
521120 Itapuranga,1
521150 Itumbiara,28
521170 Jandaia,1
521180 Jaraguá,5
521190 Jataí,25
521210 Joviânia,2
521220 Jussara,2
521230 Leopoldo de Bulhões,1
521250 Luziânia,15
521270 Mambaí,1
521280 Mara Rosa,2
521310 Mineiros,8
521380 Morrinhos,9
521400 Mozarlândia,3
521440 Nazário,3
521450 Nerópolis,5
521520 Novo Brasil,1
521523 Novo Gama,9
521525 Novo Planalto,1
521550 Ouvidor,2
521560 Padre Bernardo,5
521570 Palmeiras de Goiás,3
521590 Palminópolis,1
521600 Panamá,1
521640 Paraúna,1
521645 Perolândia,2
521710 Piracanjuba,3
521720 Piranhas,3
521730 Pirenópolis,3
521740 Pires do Rio,1
521760 Planaltina,6
521770 Pontalina,2
521800 Porangatu,4
521810 Portelândia,1
521830 Posse,1
521839 Professor Jamil,1
521850 Quirinópolis,4
521860 Rialma,2
521870 Rianápolis,1
521880 Rio Verde,28
521890 Rubiataba,3
521930 Santa Helena de Goiás,3
521940 Santa Rita do Araguaia,2
521975 Santo Antônio do Descoberto,5
522010 São Luís de Montes Belos,3
522020 São Miguel do Araguaia,1
522040 São Simão,3
522045 Senador Canedo,18
522060 Silvânia,3
522108 Teresina de Goiás,1
522119 Terezópolis de Goiás,3
522140 Trindade,19
522150 Turvânia,2
522160 Uruaçu,7
522185 Valparaíso de Goiás,27
522190 Varjão,3
522200 Vianópolis,1
522220 Vila Boa,1
530010 Brasília,458
