Município,Casos de Tuberculose
110001 Alta Floresta D'Oeste,9
110034 Alvorada D'Oeste,2
110002 Ariquemes,43
110045 Buritis,4
110003 Cabixi,1
110004 Cacoal,28
110080 Candeias do Jamari,5
110090 Castanheiras,1
110005 Cerejeiras,5
110092 Chupinguaia,1
110007 Corumbiara,2
110094 Cujubim,3
110009 Espigão D'Oeste,4
110100 Governador Jorge Teixeira,1
110010 Guajará-Mirim,18
110110 Itapuã do Oeste,3
110011 Jaru,9
110012 Ji-Paraná,25
110013 Machadinho D'Oeste,4
110120 Ministro Andreazza,1
110130 Mirante da Serra,3
110140 Monte Negro,3
110014 Nova Brasilândia D'Oeste,4
110033 Nova Mamoré,5
110015 Ouro Preto do Oeste,7
110018 Pimenta Bueno,6
110146 Pimenteiras do Oeste,1
110020 Porto Velho,547
110025 Presidente Médici,3
110028 Rolim de Moura,2
110148 São Felipe D'Oeste,1
110149 São Francisco do Guaporé,1
110032 São Miguel do Guaporé,2
110155 Teixeirópolis,1
110160 Theobroma,3
110170 Urupá,2
110175 Vale do Anari,1
110030 Vilhena,18
120001 Acrelândia,3
120005 Assis Brasil,14
120010 Brasiléia,7
120013 Bujari,8
120017 Capixaba,1
120020 Cruzeiro do Sul,36
120025 Epitaciolândia,8
120033 Mâncio Lima,4
120034 Manoel Urbano,1
120038 Plácido de Castro,7
120080 Porto Acre,7
120040 Rio Branco,320
120043 Santa Rosa do Purus,3
120050 Sena Madureira,4
120045 Senador Guiomard,9
120060 Tarauacá,1
120070 Xapuri,3
130002 Alvarães,3
130006 Amaturá,2
130008 Anamã,6
130014 Apuí,5
130020 Atalaia do Norte,5
130030 Autazes,59
130040 Barcelos,5
130050 Barreirinha,6
130060 Benjamin Constant,17
130063 Beruri,3
130068 Boa Vista do Ramos,6
130070 Boca do Acre,33
130080 Borba,13
130083 Caapiranga,3
130090 Canutama,3
130100 Carauari,3
130110 Careiro,4
130115 Careiro da Várzea,3
130120 Coari,30
130130 Codajás,3
130140 Eirunepé,14
130150 Envira,4
130160 Fonte Boa,6
130170 Humaitá,22
130180 Ipixuna,7
130185 Iranduba,10
130190 Itacoatiara,33
130195 Itamarati,5
130200 Itapiranga,2
130210 Japurá,1
130220 Juruá,2
130230 Jutaí,2
130240 Lábrea,11
130250 Manacapuru,60
130260 Manaus,2581
130270 Manicoré,17
130290 Maués,28
130300 Nhamundá,9
130310 Nova Olinda do Norte,8
130320 Novo Airão,3
130330 Novo Aripuanã,7
130340 Parintins,45
130350 Pauini,4
130353 Presidente Figueiredo,12
130356 Rio Preto da Eva,3
130360 Santa Isabel do Rio Negro,6
130370 Santo Antônio do Içá,5
130380 São Gabriel da Cachoeira,30
130390 São Paulo de Olivença,5
130395 São Sebastião do Uatumã,2
130400 Silves,26
130406 Tabatinga,45
130410 Tapauá,3
130420 Tefé,34
130423 Tonantins,1
130430 Urucará,4
130440 Urucurituba,3
140005 Alto Alegre,1
140010 Boa Vista,155
140017 Cantá,1
140020 Caracaraí,1
140047 Rorainópolis,3
140060 São Luiz,1
150010 Abaetetuba,60
150013 Abel Figueiredo,2
150020 Acará,8
150034 Água Azul do Norte,1
150040 Alenquer,13
150050 Almeirim,8
150060 Altamira,44
150070 Anajás,5
150080 Ananindeua,335
150085 Anapu,5
150090 Augusto Corrêa,10
150095 Aurora do Pará,5
150100 Aveiro,1
150110 Bagre,3
150120 Baião,13
150130 Barcarena,69
150140 Belém,1722
150145 Belterra,3
150150 Benevides,40
150157 Bom Jesus do Tocantins,1
150160 Bonito,5
150170 Bragança,55
150172 Brasil Novo,9
150178 Breu Branco,12
150180 Breves,31
150190 Bujaru,10
150200 Cachoeira do Arari,5
150195 Cachoeira do Piriá,3
150210 Cametá,62
150215 Canaã dos Carajás,21
150220 Capanema,30
150230 Capitão Poço,21
150240 Castanhal,104
150250 Chaves,1
150260 Colares,4
150270 Conceição do Araguaia,1
150275 Concórdia do Pará,8
150276 Cumaru do Norte,1
150277 Curionópolis,5
150280 Curralinho,7
150285 Curuá,2
150290 Curuçá,21
150293 Dom Eliseu,8
150295 Eldorado do Carajás,3
150300 Faro,1
150307 Garrafão do Norte,3
150309 Goianésia do Pará,4
150310 Gurupá,4
150320 Igarapé-Açu,14
150330 Igarapé-Miri,24
150340 Inhangapi,5
150345 Ipixuna do Pará,2
150350 Irituia,5
150360 Itaituba,46
150370 Itupiranga,13
150375 Jacareacanga,24
150380 Jacundá,8
150390 Juruti,10
150400 Limoeiro do Ajuru,2
150405 Mãe do Rio,13
150410 Magalhães Barata,3
150420 Marabá,89
150430 Maracanã,21
150440 Marapanim,10
150442 Marituba,138
150445 Medicilândia,4
150450 Melgaço,1
150460 Mocajuba,10
150470 Moju,15
150475 Mojuí dos Campos,4
150480 Monte Alegre,7
150490 Muaná,7
150495 Nova Esperança do Piriá,9
150497 Nova Ipixuna,1
150500 Nova Timboteua,4
150503 Novo Progresso,29
150506 Novo Repartimento,13
150510 Óbidos,13
150520 Oeiras do Pará,10
150530 Oriximiná,25
150540 Ourém,2
150543 Ourilândia do Norte,10
150548 Pacajá,7
150549 Palestina do Pará,1
150550 Paragominas,59
150553 Parauapebas,48
150555 Pau D'Arco,3
150560 Peixe-Boi,5
150563 Piçarra,2
150565 Placas,7
150570 Ponta de Pedras,5
150580 Portel,14
150590 Porto de Moz,7
150600 Prainha,7
150610 Primavera,4
150611 Quatipuru,6
150613 Redenção,29
150616 Rio Maria,2
150618 Rondon do Pará,5
150619 Rurópolis,3
150620 Salinópolis,31
150630 Salvaterra,3
150635 Santa Bárbara do Pará,18
150640 Santa Cruz do Arari,7
150650 Santa Izabel do Pará,121
150655 Santa Luzia do Pará,5
150658 Santa Maria das Barreiras,2
150660 Santa Maria do Pará,4
150670 Santana do Araguaia,4
150680 Santarém,134
150690 Santarém Novo,4
150700 Santo Antônio do Tauá,9
150710 São Caetano de Odivelas,6
150715 São Domingos do Araguaia,1
150720 São Domingos do Capim,6
150730 São Félix do Xingu,7
150740 São Francisco do Pará,12
150745 São Geraldo do Araguaia,5
150746 São João da Ponta,2
150747 São João de Pirabas,5
150750 São João do Araguaia,4
150760 São Miguel do Guamá,17
150770 São Sebastião da Boa Vista,6
150780 Senador José Porfírio,1
150790 Soure,22
150795 Tailândia,9
150796 Terra Alta,5
150797 Terra Santa,3
150800 Tomé-Açu,21
150803 Tracuateua,9
150805 Trairão,1
150808 Tucumã,10
150810 Tucuruí,51
150812 Ulianópolis,5
150815 Uruará,8
150820 Vigia,30
150830 Viseu,9
150835 Vitória do Xingu,5
150840 Xinguara,8
160010 Amapá,2
160020 Calçoene,1
160027 Laranjal do Jari,16
160030 Macapá,242
160050 Oiapoque,1
160015 Pedra Branca do Amapari,2
160053 Porto Grande,4
160060 Santana,13
160070 Tartarugalzinho,1
170025 Abreulândia,1
170040 Almas,2
170070 Alvorada,1
170190 Araguacema,1
170200 Araguaçu,1
170210 Araguaína,57
170215 Araguanã,1
170220 Araguatins,3
170255 Augustinópolis,3
170270 Aurora do Tocantins,2
170290 Axixá do Tocantins,2
170310 Barrolândia,1
170380 Buriti do Tocantins,1
170386 Cariri do Tocantins,1
170550 Colinas do Tocantins,5
171670 Colméia,1
170560 Conceição do Tocantins,1
170600 Couto Magalhães,1
170610 Cristalândia,2
170700 Dianópolis,1
170820 Formoso do Araguaia,3
170825 Fortaleza do Tabocão,1
170830 Goianorte,1
170900 Goiatins,3
170930 Guaraí,1
170950 Gurupi,9
171050 Itacajá,2
171110 Itaporã do Tocantins,1
171190 Lagoa da Confusão,2
171200 Lajeado,1
171215 Lavandeira,1
171320 Miracema do Tocantins,1
171420 Natividade,1
171430 Nazaré,2
171500 Nova Rosalândia,1
172100 Palmas,48
171610 Paraíso do Tocantins,4
171650 Pedro Afonso,2
171660 Peixe,1
171750 Pium,1
171780 Ponte Alta do Bom Jesus,1
171820 Porto Nacional,18
171830 Praia Norte,1
172010 São Bento do Tocantins,1
172015 São Félix do Tocantins,1
172020 São Miguel do Tocantins,1
172090 Taguatinga,4
172120 Tocantinópolis,2
172210 Xambioá,2
210005 Açailândia,39
210010 Afonso Cunha,3
210015 Água Doce do Maranhão,1
210020 Alcântara,3
210030 Aldeias Altas,4
210040 Altamira do Maranhão,2
210043 Alto Alegre do Maranhão,3
210047 Alto Alegre do Pindaré,7
210050 Alto Parnaíba,1
210055 Amapá do Maranhão,2
210060 Amarante do Maranhão,18
210070 Anajatuba,3
210083 Apicum-Açu,4
210087 Araguanã,1
210090 Araioses,8
210095 Arame,5
210100 Arari,5
210110 Axixá,4
210120 Bacabal,32
210125 Bacabeira,1
210130 Bacuri,6
210135 Bacurituba,1
210140 Balsas,32
210150 Barão de Grajaú,2
210160 Barra do Corda,30
210170 Barreirinhas,12
210190 Bequimão,5
210193 Bernardo do Mearim,3
210200 Bom Jardim,11
210203 Bom Jesus das Selvas,3
210207 Bom Lugar,2
210210 Brejo,4
210220 Buriti,4
210230 Buriti Bravo,1
210232 Buriticupu,10
210235 Buritirana,2
210240 Cajapió,1
210250 Cajari,2
210255 Campestre do Maranhão,5
210260 Cândido Mendes,4
210270 Cantanhede,3
210275 Capinzal do Norte,2
210280 Carolina,3
210290 Carutapera,3
210300 Caxias,78
210310 Cedral,1
210315 Centro do Guilherme,5
210317 Centro Novo do Maranhão,2
210320 Chapadinha,22
210325 Cidelândia,1
210330 Codó,36
210340 Coelho Neto,18
210350 Colinas,2
210355 Conceição do Lago-Açu,1
210360 Coroatá,32
210370 Cururupu,13
210375 Davinópolis,1
210380 Dom Pedro,4
210390 Duque Bacelar,2
210400 Esperantinópolis,2
210405 Estreito,5
210408 Fernando Falcão,12
210410 Fortaleza dos Nogueiras,2
210420 Fortuna,3
210430 Godofredo Viana,1
210440 Gonçalves Dias,3
210450 Governador Archer,3
210455 Governador Edison Lobão,4
210460 Governador Eugênio Barros,4
210465 Governador Newton Bello,1
210467 Governador Nunes Freire,2
210470 Graça Aranha,1
210480 Grajaú,21
210490 Guimarães,2
210510 Icatu,3
210515 Igarapé do Meio,5
210520 Igarapé Grande,3
210530 Imperatriz,74
210535 Itaipava do Grajaú,2
210540 Itapecuru Mirim,11
210542 Itinga do Maranhão,5
210545 Jatobá,2
210547 Jenipapo dos Vieiras,6
210550 João Lisboa,5
210560 Joselândia,3
210565 Junco do Maranhão,1
210570 Lago da Pedra,19
210580 Lago do Junco,2
210594 Lago dos Rodrigues,3
210590 Lago Verde,2
210592 Lagoa do Mato,1
210600 Lima Campos,1
210620 Luís Domingues,2
210630 Magalhães de Almeida,2
210632 Maracaçumé,3
210635 Marajá do Sena,1
210637 Maranhãozinho,3
210640 Mata Roma,1
210650 Matinha,6
210663 Matões do Norte,3
210675 Miranda do Norte,4
210680 Mirinzal,3
210690 Monção,16
210700 Montes Altos,1
210710 Morros,2
210720 Nina Rodrigues,1
210735 Nova Olinda do Maranhão,4
210740 Olho d'Água das Cunhãs,4
210745 Olinda Nova do Maranhão,2
210750 Paço do Lumiar,21
210760 Palmeirândia,2
210770 Paraibano,2
210780 Parnarama,2
210790 Passagem Franca,2
210800 Pastos Bons,3
210805 Paulino Neves,5
210810 Paulo Ramos,4
210820 Pedreiras,5
210825 Pedro do Rosário,5
210830 Penalva,8
210840 Peri Mirim,5
210845 Peritoró,8
210850 Pindaré-Mirim,15
210860 Pinheiro,40
210870 Pio XII,11
210880 Pirapemas,5
210890 Poção de Pedras,2
210900 Porto Franco,6
210910 Presidente Dutra,8
210920 Presidente Juscelino,1
210927 Presidente Sarney,1
210945 Raposa,7
210950 Riachão,2
210955 Ribamar Fiquene,2
210960 Rosário,15
210975 Santa Filomena do Maranhão,1
210980 Santa Helena,5
210990 Santa Inês,34
211000 Santa Luzia,10
211003 Santa Luzia do Paruá,5
211010 Santa Quitéria do Maranhão,4
211020 Santa Rita,3
211030 Santo Antônio dos Lopes,2
211040 São Benedito do Rio Preto,2
211050 São Bento,7
211060 São Bernardo,7
211065 São Domingos do Azeitão,1
211070 São Domingos do Maranhão,4
211090 São Francisco do Maranhão,1
211100 São João Batista,2
211102 São João do Carú,2
211107 São João do Soter,1
211110 São João dos Patos,4
211120 São José de Ribamar,57
211125 São José dos Basílios,3
211130 São Luís,1081
211140 São Luís Gonzaga do Maranhão,4
211150 São Mateus do Maranhão,27
211153 São Pedro da Água Branca,1
211160 São Raimundo das Mangabeiras,1
211163 São Raimundo do Doca Bezerra,1
211170 São Vicente Ferrer,2
211174 Senador Alexandre Costa,1
211176 Senador La Rocque,1
211178 Serrano do Maranhão,1
211180 Sítio Novo,4
211200 Tasso Fragoso,1
211210 Timbiras,2
211220 Timon,38
211223 Trizidela do Vale,14
211230 Tuntum,5
211240 Turiaçu,4
211245 Turilândia,2
211250 Tutóia,5
211260 Urbano Santos,4
211270 Vargem Grande,17
211280 Viana,20
211285 Vila Nova dos Martírios,1
211290 Vitória do Mearim,14
211300 Vitorino Freire,11
211400 Zé Doca,16
220020 Água Branca,3
220025 Alagoinha do Piauí,1
220030 Alto Longá,1
220040 Altos,5
220045 Alvorada do Gurguéia,1
220050 Amarante,1
220060 Angical do Piauí,1
220070 Anísio de Abreu,1
220080 Antônio Almeida,1
220100 Arraial,1
220120 Barras,2
220150 Batalha,2
220190 Bom Jesus,3
220191 Bom Princípio do Piauí,4
220192 Bonfim do Piauí,1
220194 Boqueirão do Piauí,3
220200 Buriti dos Lopes,2
220211 Campo Alegre do Fidalgo,1
220220 Campo Maior,4
220230 Canto do Buriti,3
220240 Capitão de Campos,3
220245 Capitão Gervásio Oliveira,1
220255 Caridade do Piauí,1
220260 Castelo do Piauí,4
220270 Cocal,3
220271 Cocal de Telha,1
220273 Coivaras,1
220275 Colônia do Gurguéia,2
220280 Conceição do Canindé,1
220310 Cristino Castro,2
220320 Curimatá,2
220323 Currais,1
220330 Demerval Lobão,5
220340 Dom Expedito Lopes,1
220345 Dom Inocêncio,1
220350 Elesbão Veloso,3
220360 Eliseu Martins,1
220370 Esperantina,9
220385 Floresta do Piauí,2
220390 Floriano,10
220415 Francisco Macedo,1
220420 Francisco Santos,1
220430 Fronteiras,1
220435 Geminiano,1
220440 Gilbués,1
220450 Guadalupe,1
220465 Ilha Grande,1
220470 Inhuma,2
220480 Ipiranga do Piauí,3
220490 Isaías Coelho,1
220500 Itainópolis,2
220510 Itaueira,1
220515 Jacobina do Piauí,1
220520 Jaicós,2
220527 Jatobá do Piauí,1
220545 Joca Marques,1
220550 José de Freitas,2
220551 Juazeiro do Piauí,1
220558 Lagoa do Piauí,1
220559 Lagoa do Sítio,2
220560 Landri Sales,1
220570 Luís Correia,7
220580 Luzilândia,4
220605 Massapê do Piauí,1
220610 Matias Olímpio,1
220620 Miguel Alves,6
220635 Milton Brandão,2
220640 Monsenhor Gil,1
220660 Monte Alegre do Piauí,1
220669 Murici dos Portelas,1
220670 Nazaré do Piauí,1
220672 Nazária,2
220680 Nossa Senhora dos Remédios,1
220700 Oeiras,10
220730 Paes Landim,1
220740 Palmeira do Piauí,1
220755 Paquetá,1
220770 Parnaíba,54
220777 Patos do Piauí,1
220779 Pau D'Arco do Piauí,1
220780 Paulistana,3
220790 Pedro II,3
220800 Picos,13
220810 Pimenteiras,3
220830 Piracuruca,7
220840 Piripiri,10
220850 Porto,1
220870 Redenção do Gurguéia,1
220880 Regeneração,2
220887 Ribeira do Piauí,1
220940 Santo Antônio de Lisboa,1
220960 São Félix do Piauí,1
220975 São Gonçalo do Gurguéia,1
220985 São João da Canabrava,1
220987 São João da Fronteira,1
220995 São João da Varjota,2
220997 São João do Arraial,3
221000 São João do Piauí,2
221005 São José do Divino,2
221010 São José do Peixe,1
221037 São Luis do Piauí,1
221040 São Miguel do Tapuio,2
221060 São Raimundo Nonato,7
221063 Sebastião Leal,2
221065 Sigefredo Pacheco,2
221080 Simplício Mendes,3
221095 Tamboril do Piauí,1
221100 Teresina,483
221110 União,4
221120 Uruçuí,5
221130 Valença do Piauí,3
221135 Várzea Branca,1
221140 Várzea Grande,1
230010 Abaiara,2
230015 Acarape,2
230020 Acaraú,18
230030 Acopiara,12
230040 Aiuaba,1
230050 Alcântaras,1
230060 Altaneira,5
230070 Alto Santo,2
230075 Amontada,4
230080 Antonina do Norte,5
230090 Apuiarés,3
230100 Aquiraz,36
230110 Aracati,17
230120 Aracoiaba,6
230130 Araripe,1
230140 Aratuba,6
230160 Assaré,1
230170 Aurora,3
230185 Banabuiú,2
230190 Barbalha,22
230200 Barro,4
230205 Barroquinha,6
230210 Baturité,10
230220 Beberibe,12
230230 Bela Cruz,2
230240 Boa Viagem,4
230250 Brejo Santo,9
230260 Camocim,24
230270 Campos Sales,6
230280 Canindé,16
230290 Capistrano,1
230300 Caridade,4
230310 Cariré,9
230320 Caririaçu,5
230330 Cariús,2
230340 Carnaubal,2
230350 Cascavel,24
230360 Catarina,1
230365 Catunda,1
230370 Caucaia,149
230380 Cedro,5
230390 Chaval,9
230393 Choró,1
230395 Chorozinho,5
230400 Coreaú,6
230410 Crateús,23
230420 Crato,33
230423 Croatá,4
230425 Cruz,2
230426 Deputado Irapuan Pinheiro,2
230428 Eusébio,33
230430 Farias Brito,2
230435 Forquilha,7
230440 Fortaleza,2081
230445 Fortim,2
230450 Frecheirinha,9
230460 General Sampaio,1
230465 Graça,5
230470 Granja,15
230480 Granjeiro,4
230490 Groaíras,9
230495 Guaiúba,4
230500 Guaraciaba do Norte,7
230510 Guaramiranga,2
230520 Hidrolândia,5
230523 Horizonte,44
230526 Ibaretama,2
230530 Ibiapina,5
230533 Ibicuitinga,4
230535 Icapuí,2
230540 Icó,10
230550 Iguatu,20
230560 Independência,5
230580 Ipu,7
230590 Ipueiras,10
230600 Iracema,1
230610 Irauçuba,11
230625 Itaitinga,132
230630 Itapagé,8
230640 Itapipoca,32
230650 Itapiúna,2
230655 Itarema,6
230660 Itatira,8
230680 Jaguaribara,2
230690 Jaguaribe,8
230700 Jaguaruana,5
230710 Jardim,3
230720 Jati,1
230730 Juazeiro do Norte,95
230740 Jucás,1
230750 Lavras da Mangabeira,4
230760 Limoeiro do Norte,9
230765 Maracanaú,150
230770 Maranguape,24
230780 Marco,6
230790 Martinópole,4
230800 Massapê,15
230810 Mauriti,7
230820 Meruoca,1
230830 Milagres,8
230835 Milhã,1
230837 Miraíma,4
230840 Missão Velha,12
230850 Mombaça,10
230860 Monsenhor Tabosa,7
230870 Morada Nova,10
230880 Moraújo,3
230890 Morrinhos,5
230900 Mucambo,8
230920 Nova Olinda,3
230930 Nova Russas,21
230940 Novo Oriente,3
230945 Ocara,19
230950 Orós,3
230960 Pacajus,26
230970 Pacatuba,14
230990 Pacujá,3
231000 Palhano,1
231010 Palmácia,1
231020 Paracuru,14
231025 Paraipaba,11
231030 Parambu,9
231040 Paramoti,3
231050 Pedra Branca,6
231060 Penaforte,2
231070 Pentecoste,9
231080 Pereiro,3
231085 Pindoretama,11
231090 Piquet Carneiro,4
231095 Pires Ferreira,1
231100 Poranga,2
231126 Quiterianópolis,4
231130 Quixadá,29
231135 Quixelô,2
231140 Quixeramobim,15
231150 Quixeré,2
231160 Redenção,3
231170 Reriutaba,2
231180 Russas,14
231190 Saboeiro,1
231195 Salitre,3
231220 Santa Quitéria,10
231200 Santana do Acaraú,10
231210 Santana do Cariri,4
231230 São Benedito,10
231240 São Gonçalo do Amarante,15
231260 São Luís do Curu,10
231270 Senador Pompeu,5
231280 Senador Sá,1
231290 Sobral,185
231300 Solonópole,7
231310 Tabuleiro do Norte,13
231320 Tamboril,7
231325 Tarrafas,1
231330 Tauá,21
231335 Tejuçuoca,3
231340 Tianguá,12
231350 Trairi,13
231355 Tururu,1
231360 Ubajara,1
231370 Umari,1
231375 Umirim,5
231380 Uruburetama,6
231390 Uruoca,3
231395 Varjota,8
231400 Várzea Alegre,1
231410 Viçosa do Ceará,7
240020 Açu,8
240070 Alto do Rodrigues,5
240090 Antônio Martins,3
240100 Apodi,10
240110 Areia Branca,7
240120 Arês,2
240130 Augusto Severo,2
240140 Baía Formosa,1
240145 Baraúna,5
240150 Barcelona,1
240170 Bom Jesus,2
240180 Brejinho,1
240185 Caiçara do Norte,1
240200 Caicó,25
240210 Campo Redondo,1
240220 Canguaretama,5
240230 Caraúbas,5
240240 Carnaúba dos Dantas,1
240250 Carnaubais,1
240260 Ceará-Mirim,17
240300 Cruzeta,3
240310 Currais Novos,13
240360 Extremoz,16
240370 Felipe Guerra,2
240380 Florânia,2
240410 Galinhos,1
240420 Goianinha,9
240430 Governador Dix-Sept Rosado,1
240440 Grossos,2
240450 Guamaré,6
240460 Ielmo Marinho,1
240470 Ipanguaçu,3
240490 Itaú,1
240520 Janduís,2
240540 Japi,1
240550 Jardim de Angicos,1
240580 João Câmara,8
240610 Jucurutu,5
240620 Lagoa d'Anta,4
240650 Lagoa Nova,1
240670 Lajes,1
240710 Macaíba,37
240720 Macau,12
240725 Major Sales,2
240740 Martins,2
240750 Maxaranguape,1
240760 Messias Targino,1
240770 Montanhas,2
240780 Monte Alegre,5
240800 Mossoró,113
240810 Natal,565
240820 Nísia Floresta,36
240830 Nova Cruz,6
240840 Olho-d'Água do Borges,1
240860 Paraná,2
240880 Parazinho,1
240890 Parelhas,1
240325 Parnamirim,71
240910 Passa e Fica,3
240930 Patu,2
240940 Pau dos Ferros,3
240980 Pedro Velho,4
240990 Pendências,3
241020 Portalegre,1
241025 Porto do Mangue,2
241040 Pureza,3
241060 Rafael Godeiro,2
241100 Rodolfo Fernandes,2
241120 Santa Cruz,9
241140 Santana do Matos,3
241150 Santo Antônio,5
241160 São Bento do Norte,1
241190 São Francisco do Oeste,3
241200 São Gonçalo do Amarante,32
241210 São João do Sabugi,1
241220 São José de Mipibu,19
241230 São José do Campestre,2
241250 São Miguel,3
241255 São Miguel do Gostoso,2
241260 São Paulo do Potengi,5
241290 São Tomé,1
241300 São Vicente,2
241310 Senador Elói de Souza,1
241330 Serra de São Bento,2
241360 Severiano Melo,2
241390 Taipu,1
241400 Tangará,2
241410 Tenente Ananias,1
241105 Tibau,1
241420 Tibau do Sul,5
241440 Touros,2
241450 Umarizal,4
241470 Várzea,1
241480 Vera Cruz,2
241490 Viçosa,2
250010 Água Branca,1
250030 Alagoa Grande,13
250053 Alcantil,2
250060 Alhandra,1
250077 Aparecida,3
250090 Arara,1
250100 Araruna,1
250110 Areia,4
250115 Areia de Baraúnas,1
250120 Areial,1
250130 Aroeiras,4
250135 Assunção,1
250150 Bananeiras,2
250153 Baraúna,1
250160 Barra de Santa Rosa,5
250157 Barra de Santana,1
250180 Bayeux,4
250190 Belém,2
250200 Belém do Brejo do Cruz,1
250205 Bernardino Batista,1
250210 Boa Ventura,2
250215 Boa Vista,2
250250 Boqueirão,5
250270 Borborema,1
250280 Brejo do Cruz,2
250300 Caaporã,3
250320 Cabedelo,10
250330 Cachoeira dos Índios,1
250350 Cacimba de Dentro,1
250355 Cacimbas,2
250370 Cajazeiras,42
250390 Camalaú,1
250400 Campina Grande,172
250415 Casserengue,1
250420 Catingueira,1
250430 Catolé do Rocha,15
250440 Conceição,3
250450 Condado,1
250470 Congo,1
250480 Coremas,3
250500 Cubati,1
250510 Cuité,2
250520 Cuitegi,1
250530 Curral Velho,1
250540 Desterro,1
250590 Emas,1
250600 Esperança,11
250610 Fagundes,4
250625 Gado Bravo,1
250630 Guarabira,28
250260 Igaracy,1
250670 Imaculada,1
250680 Ingá,1
250690 Itabaiana,5
250700 Itaporanga,3
250720 Itatuba,4
250740 Jericó,1
250750 João Pessoa,649
251365 Joca Claudino,1
250760 Juarez Távora,1
250770 Juazeirinho,1
250780 Junco do Seridó,3
250830 Lagoa Seca,6
250850 Livramento,1
250870 Mãe d'Água,2
250880 Malta,7
250890 Mamanguape,1
250900 Manaíra,2
250915 Marizópolis,1
250920 Massaranduba,3
250933 Matinhas,4
250940 Mogeiro,1
250950 Montadas,1
250970 Monteiro,5
251000 Nazarezinho,1
251020 Nova Olinda,1
251040 Olho d'Água,1
251070 Passagem,1
251080 Patos,15
251100 Pedra Branca,2
251110 Pedra Lavrada,3
251130 Piancó,1
251140 Picuí,2
251150 Pilar,1
251160 Pilões,1
251170 Pilõezinhos,1
251200 Pocinhos,3
251210 Pombal,7
251220 Prata,1
251240 Puxinanã,3
251250 Queimadas,8
251270 Remígio,1
251275 Riachão do Bacamarte,1
251280 Riacho dos Cavalos,2
251320 Santa Cruz,1
251340 Santa Luzia,1
251370 Santa Rita,8
251390 São Bento,6
251394 São Domingos do Cariri,1
251398 São Francisco,1
251420 São José da Lagoa Tapada,1
251440 São José de Espinharas,2
251450 São José de Piranhas,5
251480 São José dos Cordeiros,1
251490 São Mamede,1
251510 São Sebastião de Lagoa de Roça,1
251540 São Vicente do Seridó,1
251530 Sapé,2
251550 Serra Branca,3
251580 Serra Redonda,1
251590 Serraria,1
251593 Sertãozinho,4
251610 Soledade,4
251620 Sousa,19
251630 Sumé,1
251640 Tacima,1
251650 Taperoá,5
251670 Teixeira,1
251675 Tenório,1
251680 Triunfo,5
251700 Umbuzeiro,1
260005 Abreu e Lima,103
260010 Afogados da Ingazeira,7
260020 Afrânio,1
260030 Agrestina,5
260040 Água Preta,7
260050 Águas Belas,6
260060 Alagoinha,2
260070 Aliança,14
260080 Altinho,1
260090 Amaraji,2
260100 Angelim,4
260105 Araçoiaba,4
260110 Araripina,22
260120 Arcoverde,58
260130 Barra de Guabiraba,3
260140 Barreiros,20
260150 Belém de Maria,2
260160 Belém do São Francisco,7
260170 Belo Jardim,7
260190 Bezerros,15
260200 Bodocó,6
260210 Bom Conselho,8
260220 Bom Jardim,8
260230 Bonito,7
260250 Brejinho,2
260260 Brejo da Madre de Deus,10
260270 Buenos Aires,4
260280 Buíque,8
260290 Cabo de Santo Agostinho,86
260300 Cabrobó,7
260310 Cachoeirinha,4
260320 Caetés,1
260330 Calçado,2
260345 Camaragibe,70
260350 Camocim de São Félix,1
260360 Camutanga,3
260370 Canhotinho,25
260380 Capoeiras,4
260390 Carnaíba,3
260400 Carpina,25
260410 Caruaru,196
260420 Catende,10
260440 Chã de Alegria,6
260450 Chã Grande,6
260460 Condado,10
260480 Cortês,1
260500 Cupira,3
260510 Custódia,4
260515 Dormentes,1
260520 Escada,23
260530 Exu,1
260540 Feira Nova,3
260550 Ferreiros,3
260570 Floresta,5
260580 Frei Miguelinho,1
260590 Gameleira,2
260600 Garanhuns,64
260610 Glória do Goitá,2
260620 Goiana,30
260630 Granito,1
260640 Gravatá,21
260650 Iati,1
260660 Ibimirim,5
260680 Igarassu,51
260690 Iguaracy,1
260760 Ilha de Itamaracá,144
260700 Inajá,1
260710 Ingazeira,2
260720 Ipojuca,20
260730 Ipubi,1
260750 Itaíba,1
260765 Itambé,5
260770 Itapetim,3
260775 Itapissuma,103
260780 Itaquitinga,3
260790 Jaboatão dos Guararapes,390
260800 Jataúba,1
260805 Jatobá,3
260810 João Alfredo,1
260820 Joaquim Nabuco,6
260830 Jupi,3
260850 Lagoa de Itaenga,6
260845 Lagoa do Carro,6
260860 Lagoa do Ouro,8
260870 Lagoa dos Gatos,3
260875 Lagoa Grande,5
260880 Lajedo,4
260890 Limoeiro,47
260900 Macaparana,4
260910 Machados,2
260915 Manari,5
260920 Maraial,4
260930 Mirandiba,1
261430 Moreilândia,1
260940 Moreno,10
260950 Nazaré da Mata,20
260960 Olinda,219
260990 Ouricuri,14
261000 Palmares,84
261020 Panelas,3
261030 Paranatama,4
261040 Parnamirim,1
261050 Passira,5
261060 Paudalho,14
261070 Paulista,200
261080 Pedra,5
261090 Pesqueira,41
261100 Petrolândia,11
261110 Petrolina,94
261120 Poção,1
261130 Pombos,2
261140 Primavera,6
261150 Quipapá,5
261160 Recife,2572
261170 Riacho das Almas,1
261180 Ribeirão,8
261190 Rio Formoso,11
261220 Salgueiro,31
261230 Saloá,2
261240 Sanharó,7
261245 Santa Cruz,1
261250 Santa Cruz do Capibaribe,25
261255 Santa Filomena,1
261260 Santa Maria da Boa Vista,7
261270 Santa Maria do Cambucá,1
261290 São Benedito do Sul,2
261300 São Bento do Una,12
261310 São Caitano,4
261320 São João,6
261330 São Joaquim do Monte,5
261340 São José da Coroa Grande,11
261350 São José do Belmonte,1
261360 São José do Egito,8
261370 São Lourenço da Mata,43
261380 São Vicente Ferrer,10
261390 Serra Talhada,15
261400 Serrita,3
261410 Sertânia,2
261420 Sirinhaém,13
261450 Surubim,4
261460 Tabira,4
261470 Tacaimbó,4
261480 Tacaratu,7
261485 Tamandaré,6
261500 Taquaritinga do Norte,7
261520 Terra Nova,2
261530 Timbaúba,26
261540 Toritama,7
261550 Tracunhaém,3
261560 Trindade,6
261570 Triunfo,5
261580 Tupanatinga,7
261618 Vertente do Lério,1
261620 Vertentes,9
261630 Vicência,7
261640 Vitória de Santo Antão,65
261650 Xexéu,2
270010 Água Branca,5
270020 Anadia,2
270030 Arapiraca,105
270040 Atalaia,10
270050 Barra de Santo Antônio,3
270060 Barra de São Miguel,4
270070 Batalha,4
270080 Belém,1
270100 Boca da Mata,1
270110 Branquinha,1
270120 Cacimbinhas,4
270130 Cajueiro,6
270140 Campo Alegre,9
270160 Canapi,3
270170 Capela,4
270190 Chã Preta,1
270200 Coité do Nóia,5
270220 Coqueiro Seco,1
270230 Coruripe,13
270235 Craíbas,2
270240 Delmiro Gouveia,11
270250 Dois Riachos,1
270255 Estrela de Alagoas,2
270280 Flexeiras,3
270290 Girau do Ponciano,2
270300 Ibateguara,2
270310 Igaci,4
270320 Igreja Nova,1
270330 Inhapi,2
270350 Jacuípe,3
270380 Joaquim Gomes,1
270400 Junqueiro,1
270420 Limoeiro de Anadia,2
270430 Maceió,737
270440 Major Isidoro,1
270450 Maragogi,5
270470 Marechal Deodoro,12
270480 Maribondo,2
270510 Matriz de Camaragibe,7
270520 Messias,3
270530 Minador do Negrão,1
270540 Monteirópolis,2
270550 Murici,11
270560 Novo Lino,3
270570 Olho d'Água das Flores,4
270580 Olho d'Água do Casado,1
270600 Olivença,1
270610 Ouro Branco,2
270620 Palestina,2
270630 Palmeira dos Índios,19
270640 Pão de Açúcar,2
270644 Paripueira,2
270670 Penedo,21
270680 Piaçabuçu,4
270690 Pilar,14
270700 Pindoba,1
270710 Piranhas,4
270720 Poço das Trincheiras,4
270730 Porto Calvo,1
270750 Porto Real do Colégio,1
270760 Quebrangulo,3
270770 Rio Largo,18
270790 Santa Luzia do Norte,4
270800 Santana do Ipanema,18
270810 Santana do Mundaú,3
270830 São José da Laje,7
270840 São José da Tapera,2
270850 São Luís do Quitunde,8
270860 São Miguel dos Campos,24
270870 São Miguel dos Milagres,2
270880 São Sebastião,1
270890 Satuba,9
270895 Senador Rui Palmeira,1
270915 Teotônio Vilela,18
270920 Traipu,1
270930 União dos Palmares,12
270940 Viçosa,4
280020 Aquidabã,1
280030 Aracaju,387
280040 Arauá,3
280050 Areia Branca,3
280060 Barra dos Coqueiros,9
280067 Boquim,3
280070 Brejo Grande,1
280100 Campo do Brito,1
280120 Canindé de São Francisco,4
280130 Capela,4
280140 Carira,3
280150 Carmópolis,4
280170 Cristinápolis,5
280200 Divina Pastora,1
280210 Estância,23
280230 Frei Paulo,2
280270 Ilha das Flores,2
280290 Itabaiana,37
280300 Itabaianinha,2
280320 Itaporanga d'Ajuda,8
280330 Japaratuba,5
280340 Japoatã,1
280350 Lagarto,39
280360 Laranjeiras,13
280380 Malhada dos Bois,1
280390 Malhador,1
280400 Maruim,8
280410 Moita Bonita,2
280430 Muribeca,1
280440 Neópolis,4
280445 Nossa Senhora Aparecida,1
280450 Nossa Senhora da Glória,11
280460 Nossa Senhora das Dores,9
280470 Nossa Senhora de Lourdes,2
280480 Nossa Senhora do Socorro,53
280490 Pacatuba,2
280510 Pedrinhas,3
280520 Pinhão,1
280530 Pirambu,1
280550 Poço Verde,1
280560 Porto da Folha,3
280570 Propriá,25
280580 Riachão do Dantas,4
280590 Riachuelo,3
280600 Ribeirópolis,2
280610 Rosário do Catete,1
280620 Salgado,3
280630 Santa Luzia do Itanhy,2
280670 São Cristóvão,47
280680 São Domingos,4
280690 São Francisco,1
280710 Simão Dias,7
280720 Siriri,1
280730 Telha,1
280740 Tobias Barreto,20
280750 Tomar do Geru,1
280760 Umbaúba,5
290020 Abaré,3
290030 Acajutiba,3
290035 Adustina,4
290040 Água Fria,1
290060 Aiquara,1
290070 Alagoinhas,28
290080 Alcobaça,4
290090 Almadina,1
290100 Amargosa,9
290110 Amélia Rodrigues,6
290120 Anagé,3
290130 Andaraí,2
290135 Andorinha,1
290140 Angical,11
290150 Anguera,1
290160 Antas,6
290170 Antônio Cardoso,1
290180 Antônio Gonçalves,5
290190 Aporá,5
290195 Apuarema,1
290205 Araças,2
290200 Aracatu,1
290210 Araci,14
290220 Aramari,3
290230 Aratuípe,4
290240 Aurelino Leal,3
290260 Baixa Grande,4
290270 Barra,10
290280 Barra da Estiva,1
290290 Barra do Choça,1
290300 Barra do Mendes,2
290310 Barra do Rocha,3
290320 Barreiras,53
290323 Barro Alto,2
290330 Barro Preto,3
290327 Barrocas,4
290340 Belmonte,15
290350 Belo Campo,2
290360 Biritinga,2
290370 Boa Nova,1
290380 Boa Vista do Tupim,3
290390 Bom Jesus da Lapa,15
290395 Bom Jesus da Serra,7
290400 Boninal,1
290410 Boquira,5
290420 Botuporã,2
290430 Brejões,2
290440 Brejolândia,2
290450 Brotas de Macaúbas,2
290460 Brumado,10
290470 Buerarema,5
290475 Buritirama,2
290480 Caatiba,2
290485 Cabaceiras do Paraguaçu,1
290490 Cachoeira,8
290510 Caém,1
290515 Caetanos,1
290530 Cafarnaum,4
290540 Cairu,5
290550 Caldeirão Grande,1
290560 Camacan,11
290570 Camaçari,68
290580 Camamu,12
290590 Campo Alegre de Lourdes,1
290600 Campo Formoso,15
290610 Canápolis,3
290620 Canarana,4
290630 Canavieiras,14
290650 Candeias,30
290660 Candiba,1
290670 Cândido Sales,5
290680 Cansanção,6
290685 Capela do Alto Alegre,2
290687 Capim Grosso,7
290689 Caraíbas,4
290690 Caravelas,9
290710 Carinhanha,5
290720 Casa Nova,4
290730 Castro Alves,11
290740 Catolândia,1
290750 Catu,14
290760 Central,1
290780 Cícero Dantas,3
290790 Cipó,6
290800 Coaraci,7
290810 Cocos,3
290820 Conceição da Feira,3
290830 Conceição do Almeida,4
290840 Conceição do Coité,11
290850 Conceição do Jacuípe,9
290860 Conde,6
290870 Condeúba,2
290880 Contendas do Sincorá,1
290890 Coração de Maria,1
290910 Coribe,2
290930 Correntina,1
290940 Cotegipe,2
290950 Cravolândia,1
290960 Crisópolis,3
290980 Cruz das Almas,7
290990 Curaçá,4
291000 Dário Meira,1
291005 Dias d'Ávila,27
291020 Dom Macedo Costa,1
291040 Encruzilhada,4
291050 Entre Rios,3
290050 Érico Cardoso,1
291060 Esplanada,6
291070 Euclides da Cunha,12
291072 Eunápolis,71
291075 Fátima,2
291080 Feira de Santana,180
291085 Filadélfia,3
291110 Formosa do Rio Preto,4
291120 Gandu,2
291125 Gavião,2
291130 Gentio do Ouro,1
291140 Glória,1
291150 Gongogi,4
291160 Governador Mangabeira,4
291165 Guajeru,1
291170 Guanambi,7
291180 Guaratinga,3
291185 Heliópolis,4
291190 Iaçu,8
291210 Ibicaraí,9
291220 Ibicoara,2
291230 Ibicuí,5
291240 Ibipeba,6
291250 Ibipitanga,5
291260 Ibiquera,1
291270 Ibirapitanga,11
291280 Ibirapuã,3
291290 Ibirataia,13
291300 Ibitiara,8
291310 Ibititá,2
291320 Ibotirama,5
291330 Ichu,1
291345 Igrapiúna,1
291350 Iguaí,7
291360 Ilhéus,148
291370 Inhambupe,2
291380 Ipecaetá,2
291390 Ipiaú,26
291400 Ipirá,4
291420 Irajuba,1
291440 Iraquara,5
291450 Irará,6
291460 Irecê,21
291465 Itabela,7
291470 Itaberaba,6
291480 Itabuna,170
291490 Itacaré,25
291510 Itagi,2
291520 Itagibá,1
291530 Itagimirim,3
291540 Itaju do Colônia,1
291550 Itajuípe,5
291560 Itamaraju,24
291580 Itambé,5
291590 Itanagra,1
291600 Itanhém,7
291610 Itaparica,4
291620 Itapé,1
291630 Itapebi,3
291640 Itapetinga,24
291650 Itapicuru,6
291660 Itapitanga,1
291670 Itaquara,1
291680 Itarantim,5
291685 Itatim,5
291690 Itiruçu,1
291700 Itiúba,6
291710 Itororó,3
291720 Ituaçu,1
291730 Ituberá,5
291733 Iuiú,4
291750 Jacobina,26
291760 Jaguaquara,4
291770 Jaguarari,6
291780 Jaguaripe,3
291790 Jandaíra,1
291800 Jequié,73
291810 Jeremoabo,3
291820 Jiquiriçá,2
291830 Jitaúna,5
291835 João Dourado,2
291840 Juazeiro,86
291845 Jucuruçu,2
291850 Jussara,4
291855 Jussari,3
291880 Laje,3
291905 Lajedo do Tabocal,2
291910 Lamarão,1
291915 Lapão,7
291920 Lauro de Freitas,69
291930 Lençóis,2
291950 Livramento de Nossa Senhora,7
291955 Luís Eduardo Magalhães,21
291960 Macajuba,2
291970 Macarani,7
291980 Macaúbas,5
291990 Macururé,1
291992 Madre de Deus,6
292000 Maiquinique,3
292010 Mairi,5
292020 Malhada,1
292030 Malhada de Pedras,2
292040 Manoel Vitorino,3
292050 Maracás,4
292060 Maragogipe,10
292070 Maraú,7
292080 Marcionílio Souza,1
292090 Mascote,2
292100 Mata de São João,24
292110 Medeiros Neto,7
292120 Miguel Calmon,2
292130 Milagres,5
292140 Mirangaba,6
292145 Mirante,1
292150 Monte Santo,3
292170 Morro do Chapéu,6
292190 Mucugê,5
292200 Mucuri,10
292205 Mulungu do Morro,2
292210 Mundo Novo,2
292225 Muquém de São Francisco,1
292230 Muritiba,8
292250 Nazaré,6
292260 Nilo Peçanha,3
292265 Nordestina,4
292270 Nova Canaã,3
292275 Nova Ibiá,4
292280 Nova Itarana,1
292290 Nova Soure,4
292300 Nova Viçosa,12
292303 Novo Horizonte,1
292305 Novo Triunfo,3
292310 Olindina,2
292320 Oliveira dos Brejinhos,1
292330 Ouriçangas,2
292335 Ourolândia,5
292340 Palmas de Monte Alto,1
292350 Palmeiras,1
292360 Paramirim,7
292370 Paratinga,2
292380 Paripiranga,6
292400 Paulo Afonso,41
292405 Pé de Serra,2
292430 Piatã,2
292440 Pilão Arcado,1
292460 Pindobaçu,17
292467 Piraí do Norte,3
292480 Piritiba,6
292500 Planalto,3
292510 Poções,3
292520 Pojuca,8
292525 Ponto Novo,2
292530 Porto Seguro,52
292540 Potiraguá,1
292550 Prado,12
292560 Presidente Dutra,1
292575 Presidente Tancredo Neves,6
292580 Queimadas,5
292590 Quijingue,2
292595 Rafael Jambeiro,10
292600 Remanso,5
292610 Retirolândia,1
292620 Riachão das Neves,3
292630 Riachão do Jacuípe,2
292640 Riacho de Santana,1
292660 Ribeira do Pombal,13
292665 Ribeirão do Largo,2
292670 Rio de Contas,2
292690 Rio do Pires,1
292700 Rio Real,6
292710 Rodelas,1
292720 Ruy Barbosa,5
292730 Salinas da Margarida,1
292740 Salvador,2304
292750 Santa Bárbara,7
292770 Santa Cruz Cabrália,18
292780 Santa Cruz da Vitória,3
292790 Santa Inês,2
292805 Santa Luzia,2
292810 Santa Maria da Vitória,9
292840 Santa Rita de Cássia,5
292800 Santaluz,6
292820 Santana,5
292860 Santo Amaro,22
292870 Santo Antônio de Jesus,19
292880 Santo Estêvão,8
292890 São Desidério,4
292895 São Domingos,1
292910 São Felipe,3
292900 São Félix,2
292905 São Félix do Coribe,2
292920 São Francisco do Conde,22
292925 São Gabriel,6
292935 São José da Vitória,3
292937 São José do Jacuípe,1
292940 São Miguel das Matas,2
292950 São Sebastião do Passé,6
292960 Sapeaçu,7
292970 Sátiro Dias,5
292975 Saubara,1
292980 Saúde,3
292990 Seabra,9
293000 Sebastião Laranjeiras,3
293010 Senhor do Bonfim,34
293020 Sento Sé,4
293015 Serra do Ramalho,3
293030 Serra Dourada,3
293050 Serrinha,18
293070 Simões Filho,46
293075 Sítio do Mato,1
293076 Sítio do Quinto,4
293080 Souto Soares,1
293100 Tanhaçu,1
293110 Tanquinho,1
293120 Taperoá,4
293135 Teixeira de Freitas,51
293140 Teodoro Sampaio,1
293150 Teofilândia,2
293160 Teolândia,5
293170 Terra Nova,3
293180 Tremedal,3
293190 Tucano,15
293200 Uauá,2
293210 Ubaíra,2
293220 Ubaitaba,7
293230 Ubatã,6
293240 Uibaí,4
293245 Umburanas,2
293250 Una,9
293260 Urandi,2
293270 Uruçuca,7
293280 Utinga,4
293290 Valença,42
293300 Valente,5
293305 Várzea da Roça,1
293315 Várzea Nova,3
293317 Varzedo,1
293320 Vera Cruz,13
293330 Vitória da Conquista,98
293345 Wanderley,5
293350 Wenceslau Guimarães,6
293360 Xique-Xique,10
310020 Abaeté,6
310040 Acaiaca,1
310050 Açucena,1
310060 Água Boa,1
310090 Águas Formosas,3
310110 Aimorés,3
310120 Aiuruoca,2
310140 Albertina,1
310150 Além Paraíba,16
310160 Alfenas,24
310170 Almenara,7
310180 Alpercata,2
310190 Alpinópolis,1
310200 Alterosa,10
315350 Alto Jequitibá,4
310210 Alto Rio Doce,2
310230 Alvinópolis,1
310260 Andradas,6
310290 Antônio Carlos,1
310300 Antônio Dias,4
310340 Araçuaí,10
310350 Araguari,11
310375 Araporã,2
310380 Arapuá,1
310390 Araújos,1
310400 Araxá,5
310410 Arceburgo,1
310420 Arcos,4
310450 Arinos,3
310460 Astolfo Dutra,4
310470 Ataléia,1
310490 Baependi,3
310510 Bambuí,2
310520 Bandeira,1
310540 Barão de Cocais,4
310550 Barão de Monte Alto,1
310560 Barbacena,22
310590 Barroso,6
310600 Bela Vista de Minas,3
310610 Belmiro Braga,1
310620 Belo Horizonte,899
310630 Belo Oriente,1
310640 Belo Vale,1
310650 Berilo,1
310660 Bertópolis,1
310670 Betim,57
310690 Bicas,1
310710 Boa Esperança,1
310720 Bocaina de Minas,1
310730 Bocaiúva,8
310740 Bom Despacho,1
310790 Bom Repouso,2
310825 Bonito de Minas,2
310830 Borda da Mata,1
310840 Botelhos,1
310870 Brás Pires,3
310855 Brasilândia de Minas,2
310860 Brasília de Minas,4
310890 Brazópolis,2
310900 Brumadinho,4
310920 Buenópolis,2
310940 Buritizeiro,1
310950 Cabo Verde,1
310270 Cachoeira de Pajeú,1
310990 Caetanópolis,2
311000 Caeté,3
311020 Cajuri,2
311030 Caldas,1
311050 Camanducaia,1
311060 Cambuí,2
311070 Cambuquira,5
311080 Campanário,1
311100 Campestre,1
311120 Campo Belo,5
311150 Campos Altos,1
311160 Campos Gerais,6
311180 Canápolis,1
311200 Candeias,2
311230 Capelinha,3
311265 Capitão Andrade,1
311270 Capitão Enéas,2
311280 Capitólio,1
311300 Caraí,5
311320 Carandaí,3
311330 Carangola,16
311340 Caratinga,14
311370 Carlos Chagas,1
311400 Carmo da Mata,1
311410 Carmo de Minas,1
311420 Carmo do Cajuru,2
311430 Carmo do Paranaíba,2
311440 Carmo do Rio Claro,3
311450 Carmópolis de Minas,1
311510 Cássia,1
311530 Cataguases,14
311535 Catas Altas,1
311545 Catuji,2
311550 Caxambu,4
311580 Centralina,4
311600 Chalé,1
311615 Chapada Gaúcha,1
311660 Cláudio,2
311670 Coimbra,1
311700 Comercinho,1
311710 Conceição da Aparecida,1
311730 Conceição das Alagoas,2
311740 Conceição de Ipanema,1
311750 Conceição do Mato Dentro,2
311783 Cônego Marinho,3
311790 Congonhal,1
311800 Congonhas,5
311830 Conselheiro Lafaiete,5
311840 Conselheiro Pena,10
311860 Contagem,87
311880 Coração de Jesus,2
311890 Cordisburgo,1
311910 Corinto,8
311920 Coroaci,2
311940 Coronel Fabriciano,25
311950 Coronel Murta,2
311960 Coronel Pacheco,1
311980 Córrego Danta,1
311990 Córrego do Bom Jesus,1
312080 Cruzília,9
312087 Curral de Dentro,1
312090 Curvelo,9
312125 Delta,1
312160 Diamantina,7
312190 Divinésia,2
312200 Divino,2
312220 Divinolândia de Minas,1
312230 Divinópolis,36
312235 Divisa Alegre,1
312280 Dom Viçoso,1
312320 Dores do Indaiá,8
312330 Dores do Turvo,1
312352 Durandé,2
312360 Elói Mendes,2
312370 Engenheiro Caldas,3
312380 Engenheiro Navarro,2
312390 Entre Rios de Minas,2
312410 Esmeraldas,3
312420 Espera Feliz,3
312430 Espinosa,7
312460 Estrela Dalva,1
312470 Estrela do Indaiá,1
312510 Extrema,11
312580 Fernandes Tourinho,2
312590 Ferros,4
312600 Florestal,1
312610 Formiga,7
312650 Francisco Badaró,1
312670 Francisco Sá,3
312675 Franciscópolis,3
312680 Frei Gaspar,1
312690 Frei Inocêncio,1
312700 Fronteira,1
312710 Frutal,8
312730 Galiléia,2
312735 Glaucilândia,1
312737 Goiabeira,1
312738 Goianá,2
312750 Gonzaga,1
312770 Governador Valadares,100
312800 Guanhães,3
312810 Guapé,1
312870 Guaxupé,14
312880 Guidoval,1
312900 Guiricema,1
312940 Ibertioga,1
312950 Ibiá,4
312960 Ibiaí,1
312965 Ibiracatu,2
312970 Ibiraci,2
312980 Ibirité,18
313005 Icaraí de Minas,3
313010 Igarapé,3
313040 Ijaci,1
313050 Ilicínea,2
313055 Imbé de Minas,1
313090 Inhapim,2
313110 Inimutaba,2
313115 Ipaba,3
313120 Ipanema,5
313130 Ipatinga,106
313150 Ipuiúna,1
313170 Itabira,14
313180 Itabirinha,1
313190 Itabirito,3
313210 Itacarambi,7
313240 Itajubá,32
313250 Itamarandiba,3
313260 Itamarati de Minas,1
313270 Itambacuri,1
313290 Itamogi,3
313310 Itanhandu,1
313320 Itanhomi,1
313330 Itaobim,3
313340 Itapagipe,3
313350 Itapecerica,2
313375 Itaú de Minas,2
313380 Itaúna,25
313400 Itinga,3
313420 Ituiutaba,16
313430 Itumirim,1
313440 Iturama,13
313450 Itutinga,1
313460 Jaboticatubas,4
313470 Jacinto,4
313490 Jacutinga,3
313500 Jaguaraçu,1
313505 Jaíba,9
313507 Jampruca,1
313510 Janaúba,21
313520 Januária,39
313535 Japonvar,1
313540 Jeceaba,1
313545 Jenipapo de Minas,6
313570 Jequitibá,1
313580 Jequitinhonha,9
313600 Joaíma,2
313620 João Monlevade,15
313630 João Pinheiro,6
313640 Joaquim Felício,3
313652 José Gonçalves de Minas,1
313657 Josenópolis,1
313665 Juatuba,3
313670 Juiz de Fora,320
313680 Juramento,1
313695 Juvenília,5
313720 Lagoa da Prata,5
313730 Lagoa dos Patos,1
313750 Lagoa Formosa,2
313753 Lagoa Grande,2
313760 Lagoa Santa,9
313770 Lajinha,2
313800 Laranjal,1
313810 Lassance,1
313820 Lavras,18
313840 Leopoldina,7
313860 Lima Duarte,1
313865 Lontra,3
313868 Luislândia,1
313880 Luz,2
313890 Machacalis,2
313900 Machado,8
313920 Malacacheta,3
313930 Manga,9
313940 Manhuaçu,28
313950 Manhumirim,5
313960 Mantena,4
314000 Mariana,7
314010 Marilac,3
314015 Mário Campos,3
314040 Marmelópolis,1
314050 Martinho Campos,2
314070 Mateus Leme,9
317150 Mathias Lobato,1
314080 Matias Barbosa,1
314085 Matias Cardoso,3
314090 Matipó,1
314100 Mato Verde,2
314110 Matozinhos,2
314130 Medeiros,1
314140 Medina,5
314160 Mercês,1
314170 Mesquita,1
314180 Minas Novas,2
314200 Mirabela,1
314210 Miradouro,1
314220 Miraí,3
314225 Miravânia,2
314230 Moeda,1
314260 Monsenhor Paulo,2
314270 Montalvânia,9
314290 Monte Azul,4
314300 Monte Belo,1
314310 Monte Carmelo,5
314320 Monte Santo de Minas,5
314330 Montes Claros,107
314390 Muriaé,31
314400 Mutum,1
314430 Nanuque,4
314440 Natércia,1
314450 Nazareno,1
314460 Nepomuceno,1
314470 Nova Era,1
314480 Nova Lima,33
314500 Nova Ponte,1
314505 Nova Porteirinha,3
314510 Nova Resende,2
314520 Nova Serrana,12
314530 Novo Cruzeiro,3
314535 Novo Oriente de Minas,3
314537 Novorizonte,1
314550 Olímpio Noronha,2
314560 Oliveira,16
314590 Ouro Branco,2
314600 Ouro Fino,2
314610 Ouro Preto,7
314625 Padre Carvalho,1
314630 Padre Paraíso,3
314670 Palma,3
314675 Palmópolis,2
314710 Pará de Minas,8
314700 Paracatu,9
314720 Paraguaçu,2
314730 Paraisópolis,1
314740 Paraopeba,1
314760 Passa Quatro,3
314790 Passos,24
314800 Patos de Minas,9
314810 Patrocínio,12
314820 Patrocínio do Muriaé,2
314830 Paula Cândido,1
314860 Peçanha,5
314870 Pedra Azul,15
314890 Pedra do Indaiá,1
314915 Pedras de Maria da Cruz,2
314930 Pedro Leopoldo,10
314980 Perdizes,1
314990 Perdões,2
315015 Piedade de Caratinga,5
315040 Piedade dos Gerais,1
315057 Pintópolis,1
315080 Piranga,1
315100 Piranguinho,1
315110 Pirapetinga,3
315120 Pirapora,10
315130 Piraúba,1
315140 Pitangui,6
315150 Piumhi,3
315180 Poços de Caldas,30
315190 Pocrane,1
315200 Pompéu,8
315210 Ponte Nova,38
315217 Ponto dos Volantes,2
315220 Porteirinha,1
315230 Porto Firme,2
315240 Poté,3
315250 Pouso Alegre,35
315260 Pouso Alto,1
315280 Prata,7
315340 Presidente Olegário,3
315360 Prudente de Morais,4
315390 Raposos,6
315400 Raul Soares,5
315410 Recreio,2
315430 Resplendor,1
315440 Ressaquinha,1
315450 Riacho dos Machados,2
315460 Ribeirão das Neves,63
315470 Ribeirão Vermelho,1
315480 Rio Acima,1
315490 Rio Casca,4
315510 Rio do Prado,1
315550 Rio Paranaíba,1
315570 Rio Piracicaba,1
315580 Rio Pomba,2
315590 Rio Preto,2
315600 Rio Vermelho,1
315630 Rodeiro,1
315645 Rosário da Limeira,1
315650 Rubelita,2
315660 Rubim,8
315670 Sabará,35
315680 Sabinópolis,4
315690 Sacramento,2
315700 Salinas,3
315710 Salto da Divisa,2
315720 Santa Bárbara,11
315725 Santa Bárbara do Leste,1
315750 Santa Efigênia de Minas,1
315765 Santa Helena de Minas,1
315780 Santa Luzia,40
315800 Santa Maria de Itabira,1
315820 Santa Maria do Suaçuí,2
315930 Santa Rita de Jacutinga,1
315935 Santa Rita de Minas,1
315950 Santa Rita do Itueto,1
315960 Santa Rita do Sapucaí,6
315980 Santa Vitória,7
315860 Santana do Deserto,1
315890 Santana do Manhuaçu,4
315895 Santana do Paraíso,5
315990 Santo Antônio do Amparo,3
316010 Santo Antônio do Grama,1
316030 Santo Antônio do Jacinto,3
316040 Santo Antônio do Monte,1
316045 Santo Antônio do Retiro,1
316070 Santos Dumont,8
316080 São Bento Abade,1
316090 São Brás do Suaçuí,1
316100 São Domingos do Prata,4
316110 São Francisco,13
316130 São Francisco de Sales,1
316140 São Francisco do Glória,1
316160 São Geraldo da Piedade,2
312550 São Gonçalo do Rio Preto,1
316200 São Gonçalo do Sapucaí,1
316210 São Gotardo,4
316220 São João Batista do Glória,1
316230 São João da Mata,1
316240 São João da Ponte,1
316245 São João das Missões,4
316250 São João del Rei,19
316255 São João do Manhuaçu,1
316260 São João do Oriente,3
316280 São João Evangelista,1
316290 São João Nepomuceno,2
316292 São Joaquim de Bicas,14
316300 São José da Safira,1
316320 São José do Alegre,1
316330 São José do Divino,2
316340 São José do Goiabal,2
316350 São José do Jacuri,2
316370 São Lourenço,10
316410 São Pedro do Suaçuí,1
316420 São Romão,1
316470 São Sebastião do Paraíso,10
316520 São Thomé das Letras,3
316500 São Tiago,1
316510 São Tomás de Aquino,3
316553 Sarzedo,4
316556 Sem-Peixe,1
316557 Senador Amaral,1
316620 Senhora dos Remédios,1
316670 Serra dos Aimorés,1
316690 Serrania,1
316695 Serranópolis de Minas,1
316710 Serro,10
316720 Sete Lagoas,39
316555 Setubinha,1
316730 Silveirânia,1
316760 Simonésia,1
316770 Sobrália,1
316780 Soledade de Minas,1
316790 Tabuleiro,1
316800 Taiobeiras,3
316805 Taparuba,1
316810 Tapira,1
316840 Tarumirim,11
316850 Teixeiras,1
316860 Teófilo Otoni,39
316870 Timóteo,7
316880 Tiradentes,1
316900 Tocantins,6
316930 Três Corações,11
316935 Três Marias,3
316940 Três Pontas,5
316950 Tumiritinga,3
316960 Tupaciguara,10
316970 Turmalina,3
316990 Ubá,38
317005 Ubaporanga,1
317010 Uberaba,65
317020 Uberlândia,132
317040 Unaí,9
317050 Urucânia,2
317070 Varginha,15
317080 Várzea da Palma,2
317090 Varzelândia,4
317103 Verdelândia,2
317120 Vespasiano,24
317130 Viçosa,14
317140 Vieiras,1
317160 Virgem da Lapa,2
317170 Virgínia,1
317180 Virginópolis,2
317200 Visconde do Rio Branco,15
320010 Afonso Cláudio,3
320016 Água Doce do Norte,4
320013 Águia Branca,1
320020 Alegre,9
320040 Anchieta,7
320050 Apiacá,3
320060 Aracruz,22
320070 Atilio Vivacqua,3
320080 Baixo Guandu,9
320090 Barra de São Francisco,8
320100 Boa Esperança,1
320120 Cachoeiro de Itapemirim,59
320130 Cariacica,126
320140 Castelo,6
320150 Colatina,43
320160 Conceição da Barra,4
320170 Conceição do Castelo,2
320190 Domingos Martins,3
320200 Dores do Rio Preto,2
320210 Ecoporanga,6
320220 Fundão,2
320230 Guaçuí,2
320240 Guarapari,31
320245 Ibatiba,2
320250 Ibiraçu,3
320260 Iconha,3
320265 Irupi,1
320270 Itaguaçu,1
320280 Itapemirim,15
320300 Iúna,3
320305 Jaguaré,15
320310 Jerônimo Monteiro,4
320313 João Neiva,3
320320 Linhares,52
320332 Marataízes,16
320335 Marilândia,3
320340 Mimoso do Sul,3
320350 Montanha,6
320360 Mucurici,1
320370 Muniz Freire,1
320390 Nova Venécia,8
320400 Pancas,3
320405 Pedro Canário,7
320410 Pinheiros,6
320420 Piúma,4
320430 Presidente Kennedy,2
320435 Rio Bananal,5
320440 Rio Novo do Sul,1
320450 Santa Leopoldina,5
320455 Santa Maria de Jetibá,4
320460 Santa Teresa,4
320465 São Domingos do Norte,3
320470 São Gabriel da Palha,4
320480 São José do Calçado,1
320490 São Mateus,39
320495 São Roque do Canaã,4
320500 Serra,188
320501 Sooretama,7
320503 Vargem Alta,3
320506 Venda Nova do Imigrante,1
320510 Viana,68
320515 Vila Pavão,1
320517 Vila Valério,2
320520 Vila Velha,135
320530 Vitória,248
330010 Angra dos Reis,94
330015 Aperibé,1
330020 Araruama,25
330022 Areal,1
330023 Armação dos Búzios,18
330025 Arraial do Cabo,14
330030 Barra do Piraí,34
330040 Barra Mansa,49
330045 Belford Roxo,240
330050 Bom Jardim,4
330060 Bom Jesus do Itabapoana,9
330070 Cabo Frio,91
330080 Cachoeiras de Macacu,9
330090 Cambuci,4
330100 Campos dos Goytacazes,300
330110 Cantagalo,9
330093 Carapebus,1
330120 Carmo,5
330130 Casimiro de Abreu,10
330095 Comendador Levy Gasparian,1
330140 Conceição de Macabu,4
330150 Cordeiro,7
330160 Duas Barras,3
330170 Duque de Caxias,903
330180 Engenheiro Paulo de Frontin,6
330185 Guapimirim,20
330187 Iguaba Grande,7
330190 Itaboraí,110
330200 Itaguaí,86
330205 Italva,2
330210 Itaocara,6
330220 Itaperuna,52
330225 Itatiaia,25
330227 Japeri,51
330240 Macaé,115
330245 Macuco,1
330250 Magé,126
330260 Mangaratiba,13
330270 Maricá,55
330280 Mendes,10
330285 Mesquita,107
330300 Miracema,7
330310 Natividade,4
330320 Nilópolis,101
330330 Niterói,384
330340 Nova Friburgo,41
330350 Nova Iguaçu,730
330360 Paracambi,50
330370 Paraíba do Sul,8
330380 Paraty,30
330385 Paty do Alferes,7
330390 Petrópolis,85
330395 Pinheiral,8
330400 Piraí,13
330410 Porciúncula,6
330411 Porto Real,7
330412 Quatis,3
330414 Queimados,105
330415 Quissamã,7
330420 Resende,34
330430 Rio Bonito,23
330440 Rio Claro,3
330450 Rio das Flores,3
330452 Rio das Ostras,70
330455 Rio de Janeiro,7836
330460 Santa Maria Madalena,2
330470 Santo Antônio de Pádua,9
330480 São Fidélis,5
330490 São Gonçalo,534
330500 São João da Barra,4
330510 São João de Meriti,341
330515 São José do Vale do Rio Preto,8
330520 São Pedro da Aldeia,24
330530 São Sebastião do Alto,1
330540 Sapucaia,5
330550 Saquarema,47
330555 Seropédica,28
330560 Silva Jardim,9
330570 Sumidouro,6
330575 Tanguá,4
330580 Teresópolis,54
330590 Trajano de Moraes,1
330600 Três Rios,33
330610 Valença,13
330620 Vassouras,9
330630 Volta Redonda,156
350010 Adamantina,3
350020 Adolfo,1
350030 Aguaí,9
350050 Águas de Lindóia,3
350055 Águas de Santa Bárbara,1
350070 Agudos,4
350090 Altair,1
350100 Altinópolis,1
350115 Alumínio,3
350130 Álvares Machado,2
350140 Álvaro de Carvalho,21
350160 Americana,40
350170 Américo Brasiliense,11
350190 Amparo,8
350210 Andradina,29
350220 Angatuba,3
350250 Aparecida,18
350270 Apiaí,1
350275 Araçariguama,5
350280 Araçatuba,27
350290 Araçoiaba da Serra,7
350320 Araraquara,42
350330 Araras,40
350380 Artur Nogueira,4
350390 Arujá,28
350395 Aspásia,1
350400 Assis,38
350410 Atibaia,43
350420 Auriflama,2
350440 Avanhandava,13
350450 Avaré,22
350460 Bady Bassitt,4
350470 Balbinos,55
350490 Bananal,9
350520 Bariri,3
350540 Barra do Turvo,1
350550 Barretos,36
350560 Barrinha,4
350570 Barueri,123
350580 Bastos,4
350590 Batatais,3
350600 Bauru,253
350610 Bebedouro,26
350620 Bento de Abreu,1
350630 Bernardino de Campos,20
350635 Bertioga,35
350640 Bilac,1
350650 Birigui,16
350660 Biritiba-Mirim,15
350670 Boa Esperança do Sul,2
350680 Bocaina,1
350690 Bofete,1
350700 Boituva,10
350710 Bom Jesus dos Perdões,2
350740 Borborema,2
350750 Botucatu,59
350760 Bragança Paulista,58
350775 Brejo Alegre,2
350780 Brodowski,3
350790 Brotas,4
350800 Buri,3
350810 Buritama,5
350840 Cabreúva,11
350850 Caçapava,22
350860 Cachoeira Paulista,6
350870 Caconde,3
350880 Cafelândia,1
350890 Caiabu,1
350900 Caieiras,32
350910 Caiuá,9
350920 Cajamar,22
350925 Cajati,16
350950 Campinas,467
350960 Campo Limpo Paulista,15
350970 Campos do Jordão,8
350980 Campos Novos Paulista,1
350990 Cananéia,4
351000 Cândido Mota,1
351015 Canitar,1
351020 Capão Bonito,17
351030 Capela do Alto,35
351040 Capivari,26
351050 Caraguatatuba,99
351060 Carapicuíba,187
351080 Casa Branca,21
351100 Castilho,4
351110 Catanduva,21
351130 Cedral,1
351140 Cerqueira César,37
351150 Cerquilho,5
351160 Cesário Lange,4
351170 Charqueada,2
355720 Chavantes,2
351200 Colina,3
351220 Conchal,2
351230 Conchas,2
351240 Cordeirópolis,6
351270 Corumbataí,1
351280 Cosmópolis,14
351290 Cosmorama,1
351300 Cotia,76
351310 Cravinhos,3
351340 Cruzeiro,37
351350 Cubatão,118
351370 Descalvado,7
351380 Diadema,175
351390 Divinolândia,2
351410 Dois Córregos,1
351430 Dourado,1
351440 Dracena,34
351450 Duartina,6
351480 Eldorado,4
351490 Elias Fausto,2
351500 Embu das Artes,97
351510 Embu-Guaçu,22
351515 Engenheiro Coelho,1
351518 Espírito Santo do Pinhal,10
351519 Espírito Santo do Turvo,1
351535 Euclides da Cunha Paulista,1
351540 Fartura,2
351550 Fernandópolis,13
351570 Ferraz de Vasconcelos,66
351600 Flórida Paulista,45
351610 Florínia,2
351620 Franca,51
351630 Francisco Morato,40
351640 Franco da Rocha,168
351660 Gália,1
351670 Garça,10
351685 Gavião Peixoto,1
351700 Getulina,33
351720 Guaiçara,2
351740 Guaíra,3
351760 Guapiara,3
351770 Guará,1
351780 Guaraçaí,1
351790 Guaraci,1
351820 Guararapes,6
351830 Guararema,3
351840 Guaratinguetá,35
351850 Guareí,45
351860 Guariba,1
351870 Guarujá,456
351880 Guarulhos,577
351890 Guzolândia,1
351900 Herculândia,2
351905 Holambra,1
351907 Hortolândia,125
351920 Iacri,1
351925 Iaras,8
351930 Ibaté,2
351950 Ibirarema,1
351960 Ibitinga,22
351970 Ibiúna,11
351990 Iepê,4
352000 Igaraçu do Tietê,7
352010 Igarapava,3
352020 Igaratá,1
352030 Iguape,14
352042 Ilha Comprida,4
352044 Ilha Solteira,2
352040 Ilhabela,6
352050 Indaiatuba,30
352060 Indiana,1
352070 Indiaporã,1
352080 Inúbia Paulista,2
352090 Ipaussu,1
352100 Iperó,47
352130 Ipuã,2
352140 Iracemápolis,2
352150 Irapuã,1
352160 Irapuru,26
352180 Itaí,3
352200 Itaju,1
352210 Itanhaém,97
352220 Itapecerica da Serra,93
352230 Itapetininga,82
352240 Itapeva,30
352250 Itapevi,103
352260 Itapira,25
352270 Itápolis,7
352280 Itaporanga,3
352290 Itapuí,1
352300 Itapura,2
352310 Itaquaquecetuba,126
352320 Itararé,9
352330 Itariri,9
352340 Itatiba,29
352350 Itatinga,1
352360 Itirapina,34
352380 Itobi,3
352390 Itu,42
352400 Itupeva,7
352410 Ituverava,10
352430 Jaboticabal,2
352440 Jacareí,71
352450 Jaci,2
352460 Jacupiranga,4
352470 Jaguariúna,9
352480 Jales,7
352500 Jandira,36
352510 Jardinópolis,28
352520 Jarinu,13
352530 Jaú,31
352570 José Bonifácio,3
352585 Jumirim,1
352590 Jundiaí,130
352600 Junqueirópolis,56
352610 Juquiá,7
352620 Juquitiba,5
352640 Laranjal Paulista,6
352650 Lavínia,89
352670 Leme,24
352680 Lençóis Paulista,19
352690 Limeira,83
352700 Lindóia,1
352710 Lins,23
352720 Lorena,37
352730 Louveira,9
352740 Lucélia,64
352750 Lucianópolis,1
352760 Luís Antônio,1
352790 Lutécia,1
352800 Macatuba,1
352810 Macaubal,1
352820 Macedônia,1
352830 Magda,2
352840 Mairinque,13
352850 Mairiporã,8
352860 Manduri,2
352870 Marabá Paulista,33
352880 Maracaí,1
352900 Marília,132
352920 Martinópolis,54
352930 Matão,5
352940 Mauá,170
352960 Meridiano,1
352965 Mesópolis,1
352970 Miguelópolis,2
352990 Miracatu,8
353010 Mirandópolis,86
353020 Mirante do Paranapanema,3
353030 Mirassol,7
353040 Mirassolândia,1
353050 Mococa,11
353060 Mogi das Cruzes,188
353070 Mogi Guaçu,37
353080 Mogi Mirim,15
353090 Mombuca,4
353110 Mongaguá,78
353120 Monte Alegre do Sul,1
353130 Monte Alto,8
353140 Monte Aprazível,3
353150 Monte Azul Paulista,2
353180 Monte Mor,16
353190 Morro Agudo,3
353200 Morungaba,1
353220 Narandiba,1
353230 Natividade da Serra,1
353240 Nazaré Paulista,2
353250 Neves Paulista,1
353260 Nhandeara,4
353282 Nova Campina,1
353300 Nova Granada,2
353340 Nova Odessa,9
353350 Novo Horizonte,1
353380 Óleo,1
353390 Olímpia,12
353410 Oriente,1
353430 Orlândia,4
353440 Osasco,301
353450 Oscar Bressane,1
353460 Osvaldo Cruz,36
353470 Ourinhos,37
353480 Ouro Verde,2
353475 Ouroeste,1
353490 Pacaembu,67
353500 Palestina,1
353530 Palmital,3
353540 Panorama,8
353550 Paraguaçu Paulista,28
353560 Paraibuna,4
353580 Paranapanema,3
353590 Paranapuã,1
353600 Parapuã,1
353620 Pariquera-Açu,20
353625 Parisi,1
353640 Paulicéia,4
353650 Paulínia,31
353660 Paulo de Faria,2
353670 Pederneiras,7
353710 Pedreira,5
353720 Pedro de Toledo,4
353730 Penápolis,16
353740 Pereira Barreto,6
353750 Pereiras,2
353760 Peruíbe,73
353780 Piedade,8
353790 Pilar do Sul,13
353800 Pindamonhangaba,33
353810 Pindorama,1
353820 Pinhalzinho,1
353850 Piquete,3
353860 Piracaia,4
353870 Piracicaba,218
353880 Piraju,6
353890 Pirajuí,65
353910 Pirapora do Bom Jesus,11
353920 Pirapozinho,3
353930 Pirassununga,21
353940 Piratininga,4
353950 Pitangueiras,7
353960 Planalto,2
353980 Poá,28
353990 Poloni,2
354000 Pompéia,5
354020 Pontal,7
354025 Pontalinda,1
354050 Porangaba,2
354060 Porto Feliz,52
354070 Porto Ferreira,9
354075 Potim,70
354080 Potirendaba,1
354085 Pracinha,34
354100 Praia Grande,292
354105 Pratânia,2
354120 Presidente Bernardes,49
354130 Presidente Epitácio,9
354140 Presidente Prudente,114
354150 Presidente Venceslau,18
354160 Promissão,5
354170 Quatá,2
354180 Queiroz,1
354190 Queluz,3
354200 Quintana,1
354220 Rancharia,8
354240 Regente Feijó,3
354250 Reginópolis,18
354260 Registro,29
354300 Ribeirão Branco,1
354330 Ribeirão Pires,20
354340 Ribeirão Preto,292
354370 Rincão,1
354380 Rinópolis,1
354390 Rio Claro,35
354400 Rio das Pedras,9
354410 Rio Grande da Serra,10
354420 Riolândia,31
354425 Rosana,3
354430 Roseira,2
354440 Rubiácea,1
354510 Salmourão,1
354520 Salto,18
354530 Salto de Pirapora,19
354540 Salto Grande,6
354570 Santa Albertina,1
354580 Santa Bárbara d'Oeste,26
354630 Santa Cruz das Palmeiras,7
354640 Santa Cruz do Rio Pardo,9
354660 Santa Fé do Sul,6
354670 Santa Gertrudes,4
354680 Santa Isabel,23
354700 Santa Maria da Serra,2
354750 Santa Rita do Passa Quatro,1
354730 Santana de Parnaíba,47
354770 Santo Anastácio,9
354780 Santo André,267
354800 Santo Antônio de Posse,2
354840 Santópolis do Aguapeí,1
354850 Santos,412
354860 São Bento do Sapucaí,2
354870 São Bernardo do Campo,255
354880 São Caetano do Sul,17
354890 São Carlos,68
354900 São Francisco,1
354910 São João da Boa Vista,10
354920 São João das Duas Pontes,1
354940 São Joaquim da Barra,8
354970 São José do Rio Pardo,5
354980 São José do Rio Preto,215
354990 São José dos Campos,180
354995 São Lourenço da Serra,7
355000 São Luís do Paraitinga,1
355010 São Manuel,9
355020 São Miguel Arcanjo,10
355030 São Paulo,7384
355040 São Pedro,2
355050 São Pedro do Turvo,1
355060 São Roque,16
355070 São Sebastião,49
355080 São Sebastião da Grama,5
355090 São Simão,2
355100 São Vicente,547
355120 Sarutaiá,1
355140 Serra Azul,51
355160 Serra Negra,3
355150 Serrana,3
355170 Sertãozinho,40
355180 Sete Barras,4
355190 Severínia,5
355210 Socorro,6
355220 Sorocaba,221
355230 Sud Mennucci,2
355240 Sumaré,53
355250 Suzano,104
355270 Tabatinga,3
355280 Taboão da Serra,97
355300 Taguaí,3
355320 Taiúva,2
355330 Tambaú,5
355340 Tanabi,3
355350 Tapiraí,1
355360 Tapiratiba,1
355370 Taquaritinga,5
355380 Taquarituba,20
355390 Tarabai,2
355395 Tarumã,6
355400 Tatuí,24
355410 Taubaté,130
355430 Teodoro Sampaio,1
355440 Terra Roxa,1
355450 Tietê,6
355465 Torre de Pedra,2
355470 Torrinha,1
355480 Tremembé,98
355490 Três Fronteiras,1
355495 Tuiuti,1
355500 Tupã,23
355510 Tupi Paulista,40
355535 Ubarana,2
355540 Ubatuba,28
355560 Uchoa,3
355580 Urânia,5
355590 Uru,1
355620 Valinhos,10
355630 Valparaíso,52
355640 Vargem Grande do Sul,5
355645 Vargem Grande Paulista,13
355650 Várzea Paulista,23
355660 Vera Cruz,4
355670 Vinhedo,11
355680 Viradouro,1
355695 Vitória Brasil,1
355700 Votorantim,39
355710 Votuporanga,23
410010 Abatiá,2
410020 Adrianópolis,1
410030 Agudos do Sul,1
410040 Almirante Tamandaré,13
410060 Alto Paraná,2
410050 Altônia,7
410090 Amaporã,2
410100 Ampére,2
410110 Andirá,2
410120 Antonina,11
410140 Apucarana,20
410150 Arapongas,41
410160 Arapoti,2
410180 Araucária,25
410190 Assaí,1
410200 Assis Chateaubriand,2
410210 Astorga,4
410230 Balsa Nova,2
410240 Bandeirantes,4
410260 Barracão,1
410280 Bela Vista do Paraíso,2
410290 Bituruna,1
410305 Boa Vista da Aparecida,2
410310 Bocaiúva do Sul,4
410315 Bom Jesus do Sul,1
410330 Borrazópolis,1
410345 Cafelândia,3
410360 Cambará,8
410370 Cambé,25
410400 Campina Grande do Sul,26
410405 Campo Bonito,2
410410 Campo do Tenente,1
410420 Campo Largo,40
410425 Campo Magro,5
410430 Campo Mourão,25
410442 Candói,2
410450 Capanema,2
410465 Carambeí,3
410470 Carlópolis,9
410480 Cascavel,58
410490 Castro,13
410500 Catanduvas,1
410510 Centenário do Sul,2
410530 Céu Azul,1
410540 Chopinzinho,1
410550 Cianorte,12
410560 Cidade Gaúcha,3
410580 Colombo,48
410590 Colorado,6
410610 Conselheiro Mairinck,4
410620 Contenda,2
410640 Cornélio Procópio,6
410650 Coronel Vivida,3
410655 Corumbataí do Sul,1
410680 Cruz Machado,1
410660 Cruzeiro do Oeste,6
410670 Cruzeiro do Sul,3
410690 Curitiba,470
410700 Curiúva,5
410710 Diamante do Norte,1
410720 Dois Vizinhos,1
410725 Douradina,1
410730 Doutor Camargo,1
410750 Engenheiro Beltrão,2
410755 Farol,2
410760 Faxinal,7
410765 Fazenda Rio Grande,24
410770 Fênix,2
410773 Fernandes Pinheiro,1
410775 Figueira,2
410800 Florestópolis,4
410810 Flórida,1
410820 Formosa do Oeste,1
410830 Foz do Iguaçu,106
410840 Francisco Beltrão,13
410850 General Carneiro,2
410860 Goioerê,6
410880 Guaíra,12
410890 Guairaçá,2
410900 Guapirama,2
410920 Guaraci,1
410940 Guarapuava,50
410950 Guaraqueçaba,3
410960 Guaratuba,16
410965 Honório Serpa,2
410970 Ibaiti,8
410975 Ibema,1
410980 Ibiporã,30
411005 Iguatu,4
411007 Imbaú,2
411010 Imbituva,1
411030 Inajá,1
411050 Ipiranga,3
411060 Iporã,1
411070 Irati,4
411080 Iretama,1
411090 Itaguajé,2
411095 Itaipulândia,1
411100 Itambaracá,1
411120 Itapejara d'Oeste,2
411150 Ivaiporã,7
411155 Ivaté,1
411180 Jacarezinho,20
411190 Jaguapitã,1
411200 Jaguariaíva,6
411210 Jandaia do Sul,2
411230 Japira,1
411240 Japurá,1
411270 Jataizinho,3
411280 Joaquim Távora,2
411295 Juranda,2
411300 Jussara,2
411320 Lapa,20
411325 Laranjal,1
411330 Laranjeiras do Sul,5
411350 Loanda,2
411360 Lobato,1
411370 Londrina,183
411375 Lunardelli,1
411380 Lupionópolis,1
411400 Mamborê,3
411410 Mandaguaçu,4
411420 Mandaguari,1
411450 Manoel Ribas,2
411460 Marechal Cândido Rondon,11
411480 Marialva,9
411500 Marilena,1
411510 Mariluz,1
411520 Maringá,77
411535 Maripá,2
411540 Marmeleiro,1
411560 Matelândia,3
411570 Matinhos,10
411575 Mauá da Serra,4
411580 Medianeira,10
411585 Mercedes,1
411590 Mirador,1
411610 Moreira Sales,3
411620 Morretes,8
411680 Nova Cantu,2
411690 Nova Esperança,4
411700 Nova Fátima,2
411705 Nova Laranjeiras,3
411710 Nova Londrina,4
411725 Nova Prata do Iguaçu,3
411722 Nova Santa Rosa,1
411727 Nova Tebas,1
411730 Ortigueira,1
411745 Ouro Verde do Oeste,1
411750 Paiçandu,6
411760 Palmas,16
411770 Palmeira,4
411780 Palmital,1
411790 Palotina,6
411800 Paraíso do Norte,1
411810 Paranacity,1
411820 Paranaguá,111
411840 Paranavaí,27
411845 Pato Bragado,1
411850 Pato Branco,8
411870 Paulo Frontin,1
411880 Peabiru,1
411885 Perobal,1
411915 Pinhais,97
411930 Pinhão,1
411940 Piraí do Sul,3
411950 Piraquara,23
411960 Pitanga,3
411990 Ponta Grossa,82
411995 Pontal do Paraná,7
412000 Porecatu,2
412015 Porto Barreiro,2
412020 Porto Rico,2
412030 Porto Vitória,1
412040 Presidente Castelo Branco,2
412050 Primeiro de Maio,1
412060 Prudentópolis,4
412070 Quatiguá,1
412080 Quatro Barras,3
412085 Quatro Pontes,1
412090 Quedas do Iguaçu,5
412100 Querência do Norte,4
412110 Quinta do Sol,3
412120 Quitandinha,1
412135 Rancho Alegre D'Oeste,1
412140 Realeza,1
412170 Reserva,6
412180 Ribeirão Claro,5
412190 Ribeirão do Pinhal,2
412200 Rio Azul,3
412215 Rio Bonito do Iguaçu,1
412220 Rio Branco do Sul,4
412230 Rio Negro,5
412240 Rolândia,4
412265 Rosário do Ivaí,2
412270 Sabáudia,1
412290 Salto do Itararé,3
412310 Santa Amélia,1
412330 Santa Cruz de Monte Castelo,1
412350 Santa Helena,4
412370 Santa Isabel do Ivaí,2
412390 Santa Mariana,3
412405 Santa Terezinha de Itaipu,7
412400 Santana do Itararé,3
412410 Santo Antônio da Platina,12
412430 Santo Antônio do Paraíso,3
412440 Santo Antônio do Sudoeste,1
412450 Santo Inácio,3
412460 São Carlos do Ivaí,3
412470 São Jerônimo da Serra,3
412480 São João,3
412490 São João do Caiuá,2
412500 São João do Ivaí,4
412520 São Jorge d'Oeste,2
412530 São Jorge do Ivaí,1
412545 São José das Palmeiras,1
412550 São José dos Pinhais,53
412560 São Mateus do Sul,1
412570 São Miguel do Iguaçu,2
412575 São Pedro do Iguaçu,1
412580 São Pedro do Ivaí,1
412600 São Sebastião da Amoreira,2
412620 Sapopema,1
412625 Sarandi,31
412650 Sertanópolis,3
412660 Siqueira Campos,5
412667 Tamarana,1
412680 Tapejara,2
412690 Tapira,1
412710 Telêmaco Borba,9
412720 Terra Boa,4
412730 Terra Rica,3
412750 Tibagi,1
412760 Tijucas do Sul,4
412770 Toledo,19
412780 Tomazina,1
412785 Três Barras do Paraná,2
412790 Tuneiras do Oeste,1
412795 Tupãssi,1
412796 Turvo,2
412800 Ubiratã,4
412810 Umuarama,30
412820 União da Vitória,13
412853 Ventania,1
412855 Vera Cruz do Oeste,2
412865 Virmond,1
412870 Vitorino,2
412850 Wenceslau Braz,5
420010 Abelardo Luz,2
420090 Angelina,1
420100 Anita Garibaldi,1
420130 Araquari,12
420140 Araranguá,32
420160 Arroio Trinta,2
420170 Ascurra,3
420195 Balneário Arroio do Silva,3
420205 Balneário Barra do Sul,4
420200 Balneário Camboriú,73
420207 Balneário Gaivota,5
421280 Balneário Piçarras,12
422000 Balneário Rincão,14
420210 Barra Velha,6
420220 Benedito Novo,11
420230 Biguaçu,22
420240 Blumenau,105
420250 Bom Jardim da Serra,1
420245 Bombinhas,11
420270 Botuverá,1
420280 Braço do Norte,8
420285 Braço do Trombudo,2
420287 Brunópolis,2
420290 Brusque,33
420300 Caçador,7
420310 Caibi,1
420315 Calmon,1
420320 Camboriú,41
420330 Campo Alegre,1
420360 Campos Novos,5
420380 Canoinhas,4
420390 Capinzal,1
420395 Capivari de Baixo,1
420400 Catanduvas,1
420410 Caxambu do Sul,1
420415 Celso Ramos,1
420420 Chapecó,34
420425 Cocal do Sul,6
420430 Concórdia,12
420435 Cordilheira Alta,1
420440 Coronel Freitas,2
420450 Corupá,1
420460 Criciúma,84
420475 Cunhataí,1
420480 Curitibanos,3
420500 Dionísio Cerqueira,2
420540 Florianópolis,403
420545 Forquilhinha,2
420550 Fraiburgo,6
420580 Garuva,4
420590 Gaspar,35
420610 Grão Pará,2
420630 Guabiruba,4
420640 Guaraciaba,1
420650 Guaramirim,3
420660 Guarujá do Sul,1
420670 Herval d'Oeste,10
420690 Ibirama,1
420700 Içara,13
420710 Ilhota,6
420720 Imaruí,1
420730 Imbituba,18
420750 Indaial,17
420765 Iporã do Oeste,1
420770 Ipumirim,1
420775 Iraceminha,1
420800 Itá,1
420820 Itajaí,193
420830 Itapema,11
420845 Itapoá,11
420850 Ituporanga,3
420880 Jaguaruna,5
420890 Jaraguá do Sul,27
420900 Joaçaba,8
420910 Joinville,241
420917 Jupiá,1
420930 Lages,33
420940 Laguna,20
420960 Lauro Muller,7
420970 Lebon Régis,1
420985 Lindóia do Sul,1
421000 Luiz Alves,1
421003 Luzerna,1
421010 Mafra,4
421030 Major Vieira,1
421050 Maravilha,4
421060 Massaranduba,1
421080 Meleiro,1
421100 Mondaí,2
421120 Morro da Fumaça,8
421130 Navegantes,49
421150 Nova Trento,5
421160 Nova Veneza,1
421170 Orleans,5
421175 Otacílio Costa,1
421180 Ouro,1
421190 Palhoça,42
421200 Palma Sola,1
421205 Palmeira,1
421210 Palmitos,1
421220 Papanduva,2
421225 Passo de Torres,2
421230 Paulo Lopes,2
421250 Penha,10
421270 Petrolândia,3
421290 Pinhalzinho,2
421320 Pomerode,3
421340 Ponte Serrada,1
421350 Porto Belo,10
421360 Porto União,21
421415 Princesa,1
421420 Quilombo,2
421480 Rio do Sul,21
421470 Rio dos Cedros,1
421490 Rio Fortuna,1
421500 Rio Negrinho,4
421507 Riqueza,1
421510 Rodeio,3
421545 Sangão,5
421550 Santa Cecília,1
421560 Santa Rosa de Lima,1
421565 Santa Rosa do Sul,1
421570 Santo Amaro da Imperatriz,2
421580 São Bento do Sul,12
421600 São Carlos,2
421605 São Cristovão do Sul,1
421620 São Francisco do Sul,22
421630 São João Batista,5
421635 São João do Itaperiú,1
421640 São João do Sul,3
421650 São Joaquim,4
421660 São José,111
421670 São José do Cedro,2
421680 São José do Cerrito,1
421690 São Lourenço do Oeste,1
421700 São Ludgero,3
421715 São Miguel da Boa Vista,1
421720 São Miguel do Oeste,8
421725 São Pedro de Alcântara,16
421730 Saudades,2
421740 Schroeder,3
421760 Siderópolis,4
421770 Sombrio,1
421795 Tigrinhos,1
421800 Tijucas,9
421810 Timbé do Sul,1
421820 Timbó,8
421830 Três Barras,8
421870 Tubarão,41
421875 Tunápolis,2
421880 Turvo,2
421885 União do Oeste,1
421890 Urubici,1
421900 Urussanga,5
421915 Vargem,1
421930 Videira,5
421950 Xanxerê,4
421970 Xaxim,3
430003 Aceguá,1
430010 Agudo,2
430020 Ajuricaba,2
430030 Alecrim,1
430040 Alegrete,16
430050 Alpestre,1
430060 Alvorada,159
430064 Ametista do Sul,1
430087 Araricá,5
430100 Arroio do Meio,4
430105 Arroio do Sal,2
430120 Arroio do Tigre,4
430110 Arroio dos Ratos,17
430130 Arroio Grande,1
430160 Bagé,34
430163 Balneário Pinhal,4
430170 Barão de Cotegipe,1
430190 Barra do Ribeiro,8
430200 Barros Cassal,1
430205 Benjamin Constant do Sul,1
430210 Bento Gonçalves,28
430223 Boa Vista do Incra,2
430230 Bom Jesus,1
430235 Bom Princípio,2
430240 Bom Retiro do Sul,2
430245 Boqueirão do Leão,1
430250 Bossoroca,1
430260 Braga,1
430270 Butiá,7
430280 Caçapava do Sul,9
430290 Cacequi,7
430300 Cachoeira do Sul,43
430310 Cachoeirinha,55
430320 Cacique Doble,4
430350 Camaquã,22
430355 Camargo,1
430360 Cambará do Sul,2
430370 Campina das Missões,2
430380 Campinas do Sul,1
430390 Campo Bom,14
430420 Candelária,7
430440 Canela,10
430450 Canguçu,4
430460 Canoas,260
430462 Capão Bonito do Sul,1
430463 Capão da Canoa,19
430466 Capão do Leão,5
430469 Capitão,1
430470 Carazinho,14
430480 Carlos Barbosa,2
430490 Casca,1
430500 Catuípe,1
430510 Caxias do Sul,190
430511 Centenário,2
430513 Cerro Branco,1
430530 Chapada,1
430535 Charqueadas,141
430544 Chuvisca,1
430545 Cidreira,12
430570 Condor,4
430580 Constantina,1
430597 Coxilha,1
430600 Crissiumal,1
430610 Cruz Alta,12
430620 Cruzeiro do Sul,5
430632 Derrubadas,1
430640 Dois Irmãos,3
430660 Dom Pedrito,8
430675 Doutor Ricardo,1
430676 Eldorado do Sul,19
430680 Encantado,9
430690 Encruzilhada do Sul,4
430692 Engenho Velho,1
430693 Entre-Ijuís,1
430700 Erechim,16
430730 Erval Seco,1
430750 Espumoso,2
430760 Estância Velha,12
430770 Esteio,56
430780 Estrela,11
430781 Estrela Velha,1
430790 Farroupilha,18
430800 Faxinal do Soturno,2
430807 Fazenda Vilanova,2
430810 Feliz,2
430820 Flores da Cunha,1
430840 Formigueiro,1
430845 Fortaleza dos Valos,2
430850 Frederico Westphalen,10
430860 Garibaldi,2
430870 Gaurama,3
430890 Getúlio Vargas,1
430900 Giruá,1
430905 Glorinha,2
430910 Gramado,4
430920 Gravataí,147
430930 Guaíba,39
430940 Guaporé,9
430950 Guarani das Missões,2
430957 Herveiras,1
430960 Horizontina,3
430975 Ibarama,5
431000 Ibirubá,3
431010 Igrejinha,8
431020 Ijuí,14
431030 Ilópolis,2
431040 Independência,1
431043 Ipê,1
431050 Iraí,4
431060 Itaqui,4
431080 Ivoti,8
431087 Jacuizinho,1
431100 Jaguarão,5
431112 Jaquirana,1
431120 Júlio de Castilhos,4
431130 Lagoa Vermelha,4
431125 Lagoão,1
431140 Lajeado,50
431142 Lajeado do Bugre,2
431160 Liberato Salzano,3
431162 Lindolfo Collor,2
431170 Machadinho,4
431173 Mampituba,1
431180 Marau,9
431198 Mariana Pimentel,5
431217 Mato Queimado,3
431225 Minas do Leão,1
431230 Miraguaí,1
431237 Monte Alegre dos Campos,2
431240 Montenegro,45
431250 Mostardas,4
431265 Não-Me-Toque,1
431270 Nonoai,2
431300 Nova Bréscia,1
431306 Nova Hartz,4
431320 Nova Petrópolis,2
431330 Nova Prata,2
431340 Novo Hamburgo,100
431344 Novo Tiradentes,2
431350 Osório,35
431360 Paim Filho,1
431365 Palmares do Sul,6
431370 Palmeira das Missões,7
431380 Palmitinho,3
431390 Panambi,10
431395 Pantano Grande,3
431402 Paraíso do Sul,2
431405 Parobé,14
431406 Passa Sete,1
431410 Passo Fundo,94
431415 Paverama,3
431440 Pelotas,272
431446 Pinhal da Serra,1
431449 Pinheirinho do Vale,2
431450 Pinheiro Machado,2
431460 Piratini,6
431470 Planalto,3
431480 Portão,9
431490 Porto Alegre,2305
431510 Porto Xavier,1
431514 Presidente Lucena,2
431515 Progresso,3
431530 Quaraí,2
431532 Quevedos,1
431550 Restinga Seca,2
431555 Rio dos Índios,1
431560 Rio Grande,233
431570 Rio Pardo,3
431575 Riozinho,1
431580 Roca Sales,1
431590 Rodeio Bonito,2
431600 Rolante,2
431630 Roque Gonzales,1
431640 Rosário do Sul,18
431645 Salto do Jacuí,1
431650 Salvador do Sul,1
431660 Sananduva,1
431710 Sant'Ana do Livramento,27
431680 Santa Cruz do Sul,60
431690 Santa Maria,102
431695 Santa Maria do Herval,1
431720 Santa Rosa,7
431730 Santa Vitória do Palmar,13
431700 Santana da Boa Vista,1
431740 Santiago,11
431750 Santo Ângelo,20
431760 Santo Antônio da Patrulha,13
431770 Santo Antônio das Missões,3
431780 Santo Augusto,1
431795 Santo Expedito do Sul,1
431800 São Borja,23
431805 São Domingos do Sul,1
431810 São Francisco de Assis,1
431820 São Francisco de Paula,3
431830 São Gabriel,16
431840 São Jerônimo,17
431848 São José do Hortêncio,1
431850 São José do Norte,11
431860 São José do Ouro,1
431870 São Leopoldo,120
431880 São Lourenço do Sul,9
431890 São Luiz Gonzaga,10
431900 São Marcos,9
431910 São Martinho,1
431940 São Pedro do Sul,1
431950 São Sebastião do Caí,5
431960 São Sepé,3
431971 São Valentim do Sul,1
431990 Sapiranga,28
432000 Sapucaia do Sul,101
432010 Sarandi,3
432026 Segredo,2
432035 Sentinela do Sul,1
432040 Serafina Corrêa,3
432045 Sério,1
432060 Severiano de Almeida,1
432070 Sobradinho,10
432080 Soledade,9
432085 Tabaí,4
432090 Tapejara,2
432100 Tapera,1
432110 Tapes,9
432120 Taquara,28
432130 Taquari,7
432135 Tavares,2
432140 Tenente Portela,1
432143 Terra de Areia,2
432145 Teutônia,7
432150 Torres,32
432160 Tramandaí,32
432166 Três Cachoeiras,1
432180 Três de Maio,1
432190 Três Passos,2
432200 Triunfo,9
432210 Tucunduva,2
432220 Tupanciretã,1
432232 Turuçu,2
432235 União da Serra,1
432240 Uruguaiana,64
432250 Vacaria,26
432253 Vale do Sol,1
432254 Vale Real,1
432252 Vale Verde,1
432260 Venâncio Aires,36
432270 Vera Cruz,2
432280 Veranópolis,4
432290 Viadutos,1
432300 Viamão,135
432335 Vila Lângaro,1
432380 Xangri-lá,12
500020 Água Clara,3
500025 Alcinópolis,5
500060 Amambai,37
500070 Anastácio,9
500080 Anaurilândia,1
500085 Angélica,4
500090 Antônio João,1
500100 Aparecida do Taboado,3
500110 Aquidauana,18
500124 Aral Moreira,4
500150 Bandeirantes,3
500190 Bataguassu,3
500210 Bela Vista,5
500220 Bonito,9
500230 Brasilândia,3
500240 Caarapó,11
500270 Campo Grande,450
500280 Caracol,1
500290 Cassilândia,1
500295 Chapadão do Sul,1
500315 Coronel Sapucaia,9
500320 Corumbá,70
500325 Costa Rica,3
500330 Coxim,8
500345 Deodápolis,1
500348 Dois Irmãos do Buriti,3
500370 Dourados,156
500375 Eldorado,6
500380 Fátima do Sul,9
500390 Figueirão,1
500400 Glória de Dourados,3
500410 Guia Lopes da Laguna,3
500430 Iguatemi,7
500440 Inocência,2
500450 Itaporã,6
500460 Itaquiraí,3
500470 Ivinhema,7
500480 Japorã,5
500500 Jardim,15
500520 Ladário,8
500525 Laguna Carapã,2
500540 Maracaju,8
500560 Miranda,10
500568 Mundo Novo,6
500570 Naviraí,32
500600 Nova Alvorada do Sul,4
500620 Nova Andradina,11
500630 Paranaíba,20
500635 Paranhos,10
500640 Pedro Gomes,1
500660 Ponta Porã,21
500690 Porto Murtinho,11
500710 Ribas do Rio Pardo,7
500720 Rio Brilhante,9
500740 Rio Verde de Mato Grosso,6
500750 Rochedo,2
500769 São Gabriel do Oeste,5
500770 Sete Quedas,6
500790 Sidrolândia,3
500793 Sonora,8
500795 Tacuru,5
500800 Terenos,6
500830 Três Lagoas,43
500840 Vicentina,2
510020 Água Boa,13
510025 Alta Floresta,17
510040 Alto Garças,1
510050 Alto Paraguai,1
510060 Alto Taquari,1
510080 Apiacás,4
510100 Araguaiana,1
510125 Araputanga,5
510140 Aripuanã,1
510160 Barão de Melgaço,1
510170 Barra do Bugres,8
510180 Barra do Garças,23
510185 Bom Jesus do Araguaia,1
510190 Brasnorte,1
510250 Cáceres,42
510260 Campinápolis,138
510263 Campo Novo do Parecis,12
510267 Campo Verde,5
510268 Campos de Júlio,2
510269 Canabrava do Norte,1
510270 Canarana,8
510285 Castanheira,4
510300 Chapada dos Guimarães,5
510305 Cláudia,1
510320 Colíder,25
510325 Colniza,1
510330 Comodoro,3
510335 Confresa,6
510340 Cuiabá,527
510343 Curvelândia,2
510350 Diamantino,3
510360 Dom Aquino,4
510380 Figueirópolis D'Oeste,1
510385 Gaúcha do Norte,1
510410 Guarantã do Norte,7
510452 Ipiranga do Norte,1
510455 Itaúba,1
510480 Jaciara,3
510490 Jangada,1
510500 Jauru,3
510510 Juara,7
510515 Juína,13
510517 Juruena,2
510520 Juscimeira,1
510523 Lambari D'Oeste,1
510525 Lucas do Rio Verde,13
510558 Marcelândia,4
510560 Matupá,3
510562 Mirassol d'Oeste,8
510600 Nortelândia,2
510610 Nossa Senhora do Livramento,3
510615 Nova Bandeirantes,5
510621 Nova Canaã do Norte,2
510618 Nova Lacerda,7
510890 Nova Maringá,1
510622 Nova Mutum,13
510617 Nova Nazaré,2
510623 Nova Olímpia,2
510624 Nova Ubiratã,2
510625 Nova Xavantina,4
510626 Novo Mundo,6
510628 Novo São Joaquim,1
510629 Paranaíta,2
510630 Paranatinga,7
510637 Pedra Preta,3
510642 Peixoto de Azevedo,27
510650 Poconé,14
510665 Pontal do Araguaia,1
510670 Ponte Branca,1
510675 Pontes e Lacerda,29
510682 Porto Esperidião,2
510700 Poxoréo,5
510704 Primavera do Leste,11
510706 Querência,2
510718 Ribeirão Cascalheira,1
510760 Rondonópolis,106
510770 Rosário Oeste,4
510724 Santa Carmem,1
510774 Santa Cruz do Xingu,2
510776 Santa Rita do Trivelato,1
510777 Santa Terezinha,9
510780 Santo Antônio do Leverger,4
510785 São Félix do Araguaia,3
510729 São José do Povo,2
510730 São José do Rio Claro,4
510735 São José do Xingu,1
510710 São José dos Quatro Marcos,4
510740 São Pedro da Cipa,3
510787 Sapezal,1
510790 Sinop,30
510792 Sorriso,19
510794 Tabaporã,1
510795 Tangará da Serra,20
510800 Tapurah,2
510805 Terra Nova do Norte,2
510840 Várzea Grande,178
510850 Vera,1
510550 Vila Bela da Santíssima Trindade,6
510860 Vila Rica,3
520010 Abadiânia,1
520013 Acreúna,1
520025 Águas Lindas de Goiás,11
520030 Alexânia,3
520060 Alto Paraíso de Goiás,1
520110 Anápolis,60
520140 Aparecida de Goiânia,152
520145 Aparecida do Rio Doce,1
520170 Aragarças,13
520180 Aragoiânia,3
520250 Aruanã,2
520280 Avelinópolis,2
520330 Bela Vista de Goiás,8
520340 Bom Jardim de Goiás,1
520350 Bom Jesus de Goiás,2
520355 Bonfinópolis,1
520400 Cabeceiras,2
520425 Cachoeira Dourada,3
520430 Caçu,1
520440 Caiapônia,1
520450 Caldas Novas,3
520465 Campinaçu,1
520470 Campinorte,1
520490 Campos Belos,4
520505 Castelândia,1
520510 Catalão,9
520540 Ceres,3
520549 Cidade Ocidental,4
520620 Cristalina,5
520640 Crixás,3
520660 Cumari,1
520710 Diorama,6
520830 Divinópolis de Goiás,1
520725 Doverlândia,1
520735 Edealina,1
520740 Edéia,1
520753 Faina,2
520800 Formosa,12
520810 Formoso,1
520840 Goianápolis,1
520860 Goianésia,11
520870 Goiânia,413
520880 Goianira,7
520890 Goiás,3
520910 Goiatuba,4
520915 Gouvelândia,1
520940 Guarani de Goiás,1
520970 Hidrolândia,4
520990 Iaciara,3
520995 Indiara,3
521000 Inhumas,2
521010 Ipameri,1
521020 Iporá,6
521040 Itaberaí,4
521056 Itaguari,2
521090 Itapaci,2
521120 Itapuranga,3
521150 Itumbiara,11
521170 Jandaia,1
521180 Jaraguá,2
521190 Jataí,12
521220 Jussara,3
521250 Luziânia,14
521280 Mara Rosa,2
521295 Matrinchã,2
521300 Maurilândia,3
521308 Minaçu,1
521310 Mineiros,6
521370 Montes Claros de Goiás,1
521375 Montividiu,1
521380 Morrinhos,3
521400 Mozarlândia,2
521405 Mundo Novo,1
521410 Mutunópolis,1
521440 Nazário,1
521450 Nerópolis,2
521460 Niquelândia,7
521483 Nova Crixás,1
521500 Nova Veneza,1
521523 Novo Gama,4
521560 Padre Bernardo,7
521570 Palmeiras de Goiás,1
521580 Palmelo,1
521590 Palminópolis,1
521630 Paranaiguara,2
521640 Paraúna,1
521710 Piracanjuba,4
521720 Piranhas,2
521730 Pirenópolis,2
521740 Pires do Rio,1
521760 Planaltina,9
521770 Pontalina,2
521800 Porangatu,9
521810 Portelândia,2
521830 Posse,4
521850 Quirinópolis,5
521860 Rialma,1
521880 Rio Verde,19
521900 Sanclerlândia,1
521925 Santa Fé de Goiás,1
521930 Santa Helena de Goiás,2
521935 Santa Isabel,1
521940 Santa Rita do Araguaia,2
521970 Santa Terezinha de Goiás,1
521975 Santo Antônio do Descoberto,1
522010 São Luís de Montes Belos,3
522020 São Miguel do Araguaia,5
522040 São Simão,2
522045 Senador Canedo,12
522060 Silvânia,1
522068 Simolândia,1
522140 Trindade,20
522150 Turvânia,1
522155 Turvelândia,1
522160 Uruaçu,8
522170 Uruana,1
522185 Valparaíso de Goiás,8
522205 Vicentinópolis,1
530010 Brasília,460
